index,mpg-city,mpg-highway,horsepower,torque
0,18,25,250,236
1,22,28,200,207
2,21,30,200,207
3,21,28,200,207
4,21,28,200,207
5,16,27,265,243
6,17,26,265,243
7,13,18,350,325
8,14,20,280,266
9,22,30,211,258
10,21,27,211,258
11,17,26,265,243
12,20,29,280,254
13,18,26,305,273
14,12,17,555,500
15,12,17,555,500
16,12,17,555,500
17,12,17,555,500
18,18,25,185,190
19,18,25,185,190
20,18,25,185,190
21,18,25,185,190
22,18,25,185,190
23,18,25,185,190
24,18,25,185,190
25,20,26,185,190
26,18,25,185,190
27,13,18,310,334
28,9,12,310,334
29,13,17,310,334
30,13,17,310,334
31,8,12,280,295
32,8,12,324,373
33,10,13,310,334
34,13,17,310,334
35,15,20,195,260
36,14,19,302,305
37,15,20,195,260
38,15,20,195,260
39,15,20,195,260
40,14,19,302,305
41,18,26,350,276
42,18,26,350,276
43,18,26,350,276
44,21,29,227,236
45,21,30,227,236
46,21,30,227,236
47,21,29,227,236
48,9,15,530,774
49,8,14,621,590
50,8,14,621,590
51,8,14,621,590
52,12,19,621,590
53,8,13,552,479
54,11,19,600,553
55,10,17,600,553
56,10,17,600,553
57,10,17,552,479
58,19,28,227,236
59,20,28,227,236
60,19,28,227,236
61,21,29,168,170
62,21,30,227,236
63,21,30,227,236
64,20,27,227,236
65,20,30,250,266
66,18,26,300,325
67,18,26,325,354
68,18,26,300,325
69,19,27,240,236
70,15,22,311,325
71,16,24,281,295
72,18,27,235,236
73,21,30,227,236
74,20,26,227,236
75,20,31,168,170
76,17,22,300,325
77,18,25,240,236
78,16,21,281,295
79,18,27,235,236
80,18,25,240,236
81,17,22,300,325
82,16,21,281,295
83,16,22,235,236
84,17,23,270,278
85,17,22,270,278
86,17,22,270,278
87,17,23,270,278
88,17,22,270,278
89,16,22,240,236
90,14,21,311,325
91,15,22,235,236
92,13,19,311,325
93,18,27,235,236
94,18,23,157,178
95,17,23,270,278
96,17,22,270,278
97,17,22,270,278
98,17,23,270,278
99,17,22,270,278
100,21,30,200,207
101,17,25,271,251
102,21,31,190,162
103,22,31,190,162
104,21,31,190,162
105,19,28,271,251
106,22,31,190,162
107,21,31,190,162
108,22,31,190,162
109,18,25,332,270
110,18,25,332,270
111,18,25,332,270
112,18,25,332,270
113,18,25,332,270
114,18,25,332,270
115,18,25,332,270
116,18,25,332,270
117,21,30,200,207
118,18,26,332,270
119,18,26,332,270
120,19,26,332,270
121,18,26,332,270
122,21,30,200,207
123,19,26,332,270
124,18,26,332,270
125,18,26,332,270
126,19,26,332,270
127,21,31,211,258
128,21,29,211,258
129,21,31,211,258
130,21,29,211,258
131,29,38,120,112
132,29,38,120,112
133,29,38,120,112
134,38,37,120,112
135,28,37,120,112
136,28,37,120,112
137,21,30,227,236
138,21,29,227,236
139,21,30,227,236
140,21,29,227,236
141,21,27,211,258
142,22,30,211,258
143,21,29,168,170
144,20,27,227,236
145,21,29,211,258
146,21,29,211,258
147,23,30,211,258
148,23,32,190,162
149,22,33,190,162
150,17,26,271,251
151,23,32,190,162
152,19,29,271,251
153,22,33,190,162
154,22,33,190,162
155,29,38,120,112
156,29,38,120,112
157,28,37,120,112
158,28,37,120,112
159,22,31,177,161
160,21,31,177,161
161,22,31,177,161
162,21,31,177,161
163,22,31,190,162
164,21,31,190,162
165,22,31,190,162
166,21,31,190,162
167,19,29,271,254
168,20,29,268,248
169,20,29,268,248
170,18,26,332,270
171,18,26,332,270
172,18,26,332,270
173,18,26,332,270
174,19,28,268,248
175,19,28,268,248
176,19,28,268,248
177,22,33,169,167
178,22,32,169,167
179,22,33,169,167
180,22,32,169,167
181,20,29,268,248
182,22,33,179,171
183,22,32,179,171
184,20,29,268,248
185,22,32,169,167
186,20,29,268,248
187,26,36,160,146
188,26,36,160,146
189,25,35,140,136
190,25,34,140,136
191,25,35,140,136
192,25,34,140,136
193,25,35,140,136
194,25,34,140,136
195,25,34,140,136
196,24,35,140,136
197,24,34,140,136
198,24,35,140,136
199,24,34,140,136
200,24,35,140,136
201,24,34,140,136
202,24,35,140,136
203,24,34,140,136
204,23,31,175,180
205,18,27,270,258
206,18,26,300,325
207,20,29,240,236
208,17,23,325,354
209,19,25,240,236
210,17,23,300,325
211,17,23,300,325
212,19,25,240,236
213,16,23,240,236
214,16,23,240,236
215,23,32,175,180
216,18,27,270,258
217,22,33,169,167
218,22,32,169,167
219,22,33,169,167
220,22,32,169,167
221,19,28,268,248
222,22,33,179,171
223,22,32,179,171
224,19,28,268,248
225,22,32,169,167
226,19,28,268,248
227,15,22,235,236
228,16,22,240,236
229,16,21,281,295
230,17,22,300,325
231,18,25,240,236
232,20,26,227,236
233,21,30,227,236
234,8,14,567,516
235,10,17,552,479
236,10,17,600,553
237,24,35,140,136
238,24,34,140,136
239,24,35,140,136
240,24,34,140,136
241,11,18,600,553
242,10,17,600,553
243,10,17,552,479
244,9,15,500,738
245,28,35,132,128
246,26,34,132,128
247,26,34,132,128
248,28,35,132,128
249,26,34,132,128
250,13,20,563,575
251,21,29,211,258
252,20,26,211,258
253,11,18,453,531
254,11,18,453,531
255,21,31,211,258
256,21,29,211,258
257,11,18,453,531
258,21,29,211,258
259,21,31,211,258
260,22,30,211,258
261,18,27,265,243
262,21,27,211,258
263,11,18,453,531
264,13,20,563,575
265,19,29,271,254
266,11,18,453,531
267,23,33,177,161
268,23,34,177,161
269,23,34,177,161
270,23,34,177,161
271,23,33,190,162
272,23,34,190,162
273,20,30,271,254
274,23,34,190,162
275,20,30,271,254
276,11,18,453,531
277,11,18,453,531
278,11,18,453,531
279,23,33,170,177
280,24,31,170,177
281,23,29,115,125
282,23,29,115,125
283,24,31,170,177
284,24,31,170,177
285,24,34,115,125
286,24,31,170,177
287,23,33,170,177
288,23,33,170,177
289,23,33,170,177
290,24,34,115,125
291,26,35,132,128
292,26,34,132,128
293,26,35,132,128
294,26,34,132,128
295,26,34,132,128
296,26,34,132,128
297,22,30,158,162
298,22,30,158,162
299,17,22,260,271
300,15,20,260,271
301,17,21,260,271
302,19,28,310,325
303,18,26,300,310
304,23,30,170,177
305,23,30,170,177
306,23,30,170,177
307,22,30,170,177
308,22,30,170,177
309,23,30,170,177
310,23,30,170,177
311,22,30,170,177
312,23,30,170,177
313,22,30,170,177
314,22,30,170,177
315,21,31,200,207
316,21,31,200,207
317,30,41,140,236
318,23,30,170,177
319,23,30,170,177
320,30,41,140,236
321,17,22,260,271
322,15,19,260,271
323,17,21,260,271
324,20,25,187,186
325,20,25,270,248
326,17,22,270,248
327,20,25,187,186
328,18,24,270,248
329,17,22,270,248
330,18,24,270,248
331,17,22,270,248
332,20,27,187,186
333,18,24,270,248
334,17,23,270,248
335,18,24,270,248
336,17,23,270,248
337,18,24,270,248
338,17,23,270,248
339,18,24,270,248
340,17,23,270,248
341,18,27,271,254
342,18,27,271,254
343,18,26,271,254
344,13,18,381,401
345,13,18,381,401
346,26,32,132,128
347,25,32,132,128
348,21,28,158,162
349,21,29,158,162
350,20,26,158,162
351,10,16,631,738
352,10,16,543,664
353,10,16,604,738
354,10,16,631,738
355,10,16,620,738
356,10,16,543,664
357,10,16,604,738
358,10,16,631,738
359,10,16,620,738
360,10,16,543,664
361,10,16,604,738
362,10,16,604,738
363,10,16,620,738
364,26,32,132,128
365,25,31,132,128
366,21,28,158,162
367,21,29,158,162
368,20,26,158,162
369,21,28,158,162
370,21,29,158,162
371,25,31,132,128
372,12,18,317,385
373,12,18,317,385
374,12,18,317,385
375,13,19,317,385
376,12,18,317,385
377,12,18,317,385
378,23,33,170,177
379,24,31,170,177
380,23,33,170,177
381,24,31,170,177
382,24,31,170,177
383,24,31,170,177
384,30,42,140,236
385,27,35,108,105
386,27,35,108,105
387,25,34,108,105
388,27,35,108,105
389,25,34,108,105
390,21,31,200,207
391,21,31,200,207
392,18,27,280,265
393,17,25,280,265
394,16,24,350,325
395,18,26,300,310
396,27,35,108,105
397,27,35,108,105
398,25,34,108,105
399,27,35,108,105
400,25,34,108,105
401,16,23,350,325
402,18,26,300,310
403,18,26,300,310
404,18,28,310,325
405,17,27,372,328
406,17,27,372,328
407,12,18,317,385
408,12,18,317,385
409,12,18,317,385
410,12,18,317,385
411,12,18,317,385
412,12,18,317,385
413,16,23,350,325
414,16,23,350,325
415,25,30,122,127
416,25,30,122,127
417,25,30,122,127
418,25,30,122,127
419,20,27,211,258
420,18,23,270,243
421,20,27,211,258
422,18,23,270,243
423,18,27,271,254
424,18,27,271,254
425,17,25,271,254
426,18,23,270,243
427,18,23,270,243
428,26,34,140,128
429,25,36,140,128
430,26,34,140,128
431,25,36,140,128
432,26,34,140,128
433,25,36,140,128
434,25,36,140,128
435,21,29,197,139
436,16,22,333,325
437,16,22,280,295
438,17,25,225,406
439,12,20,550,398
440,27,35,108,105
441,27,35,108,105
442,25,34,108,105
443,27,35,108,105
444,25,34,108,105
445,16,24,380,367
446,16,23,357,344
447,16,24,380,367
448,16,23,357,344
449,12,20,560,398
450,12,20,560,398
451,30,40,138,123
452,30,40,138,123
453,30,40,138,123
454,30,40,138,123
455,16,24,380,367
456,16,23,357,344
457,16,24,380,367
458,16,23,357,344
459,27,36,110,106
460,28,34,110,106
461,28,34,110,106
462,28,34,110,106
463,27,36,110,106
464,28,34,110,106
465,27,36,110,106
466,28,34,110,106
467,27,36,110,106
468,27,36,110,106
469,30,40,138,123
470,30,40,138,123
471,27,36,110,106
472,28,34,110,106
473,28,34,110,106
474,27,36,110,106
475,20,28,260,233
476,19,27,283,263
477,17,26,263,257
478,18,26,234,226
479,16,22,333,325
480,16,22,272,295
481,17,25,225,406
482,14,19,280,266
483,17,25,225,406
484,13,18,350,325
485,22,28,179,172
486,21,27,179,172
487,19,27,269,246
488,19,26,269,246
489,22,28,179,172
490,21,27,179,172
491,19,27,269,246
492,19,26,269,246
493,22,28,179,172
494,21,27,179,172
495,19,27,269,246
496,19,26,269,246
497,24,29,122,127
498,24,29,122,127
499,21,30,227,236
500,17,28,323,278
501,19,30,323,278
502,17,28,323,278
503,19,30,323,278
504,16,24,426,420
505,15,24,426,420
506,16,24,426,420
507,15,24,426,420
508,24,31,188,177
509,24,31,188,177
510,17,28,312,278
511,19,30,312,278
512,17,28,312,278
513,19,30,312,278
514,16,24,426,420
515,15,24,426,420
516,16,24,426,420
517,16,25,426,420
518,18,26,228,221
519,18,26,228,221
520,17,25,268,258
521,18,27,230,200
522,17,26,300,300
523,17,26,300,300
524,18,28,230,200
525,17,28,323,278
526,19,30,323,278
527,17,28,323,278
528,19,30,323,278
529,16,24,426,420
530,15,24,426,420
531,16,24,426,420
532,15,24,426,420
533,17,28,323,278
534,18,29,323,278
535,13,19,228,221
536,18,26,228,221
537,29,40,145,130
538,29,40,148,131
539,29,40,148,131
540,29,40,145,130
541,29,40,148,131
542,29,40,148,131
543,29,40,148,131
544,29,40,145,130
545,29,40,148,131
546,29,40,145,130
547,26,34,138,136
548,26,34,132,133
549,25,34,138,136
550,26,34,132,133
551,26,34,138,136
552,22,32,175,172
553,23,33,175,172
554,23,33,175,172
555,20,28,240,223
556,23,33,175,172
557,20,28,240,223
558,13,19,240,223
559,18,27,263,249
560,17,25,263,249
561,21,31,200,207
562,21,31,200,207
563,22,31,280,265
564,22,29,175,172
565,23,33,175,172
566,22,29,175,172
567,23,33,175,172
568,14,21,240,228
569,13,19,240,228
570,18,27,263,249
571,17,24,263,249
572,14,21,240,228
573,23,33,175,172
574,22,31,175,172
575,23,34,175,172
576,22,29,175,172
577,19,27,240,228
578,22,31,175,172
579,13,20,240,228
580,13,18,240,228
581,18,27,263,249
582,17,24,263,249
583,22,31,175,172
584,25,34,156,144
585,26,36,156,144
586,26,36,156,144
587,23,32,173,168
588,17,25,225,406
589,25,34,156,144
590,26,36,156,144
591,22,32,173,168
592,23,32,173,168
593,24,33,156,144
594,25,34,156,144
595,22,32,173,168
596,23,31,173,168
597,11,20,420,317
598,12,19,525,391
599,25,34,156,144
600,25,34,156,144
601,25,34,156,144
602,25,34,156,144
603,27,36,156,144
604,22,32,173,168
605,23,31,173,168
606,11,20,430,316
607,12,19,525,391
608,23,30,138,136
609,23,31,138,136
610,23,31,138,136
611,23,30,138,136
612,23,31,138,136
613,23,30,138,136
614,23,30,138,136
615,23,31,138,136
616,23,31,138,136
617,23,30,138,136
618,23,31,138,136
619,23,30,138,136
620,23,31,138,136
621,23,30,138,136
622,16,24,385,333
623,16,24,385,333
624,17,26,385,333
625,19,29,333,291
626,17,26,429,376
627,25,34,156,144
628,25,34,156,144
629,22,32,173,168
630,23,31,173,168
631,24,35,200,186
632,24,34,200,186
633,24,34,200,186
634,22,34,274,269
635,22,34,274,269
636,26,34,140,128
637,25,36,140,128
638,26,34,140,128
639,25,36,140,128
640,26,34,140,128
641,25,36,140,128
642,26,34,140,128
643,25,36,140,128
644,21,29,197,139
645,36,40,166,154
646,22,32,175,169
647,22,32,175,169
648,22,32,175,169
649,20,28,194,184
650,22,32,175,169
651,20,28,194,184
652,28,34,110,107
653,27,36,110,107
654,27,36,110,107
655,18,27,290,264
656,17,25,385,333
657,17,25,368,324
658,18,27,290,264
659,21,30,210,223
660,17,26,306,266
661,17,27,306,266
662,21,30,210,223
663,20,30,210,223
664,17,26,306,266
665,17,27,306,266
666,20,30,210,223
667,20,30,210,223
668,21,30,210,223
669,20,30,210,223
670,17,27,306,266
671,17,26,306,266
672,21,30,210,223
673,17,26,306,266
674,17,27,306,266
675,21,30,210,223
676,17,27,306,266
677,17,27,306,266
678,21,30,210,223
679,20,30,210,223
680,21,30,210,223
681,17,26,306,266
682,17,27,306,266
683,17,26,306,266
684,20,30,210,223
685,17,26,306,266
686,21,30,210,223
687,12,19,451,443
688,21,31,200,207
689,21,31,200,207
690,19,29,305,280
691,19,31,305,280
692,19,29,305,280
693,19,31,305,280
694,17,26,412,390
695,18,25,412,390
696,17,26,412,390
697,18,25,412,390
698,17,26,444,380
699,18,25,228,221
700,19,30,305,280
701,19,30,305,280
702,19,30,305,280
703,19,30,305,280
704,19,30,412,390
705,18,25,412,390
706,19,30,412,390
707,18,25,412,390
708,19,29,305,280
709,19,30,305,280
710,19,29,305,280
711,19,30,305,280
712,17,26,412,390
713,18,25,412,390
714,17,26,412,390
715,18,25,412,390
716,19,29,305,280
717,19,31,305,280
718,19,29,305,280
719,19,31,305,280
720,17,26,412,390
721,18,25,412,390
722,17,26,412,390
723,18,25,412,390
724,18,26,228,221
725,13,19,451,443
726,18,25,228,221
727,18,26,228,221
728,17,25,268,258
729,13,19,228,221
730,27,36,110,107
731,27,36,110,107
732,28,34,110,107
733,27,36,110,107
734,28,34,110,107
735,27,36,110,107
736,21,31,200,207
737,28,34,110,107
738,28,34,110,107
739,27,36,110,107
740,28,34,110,107
741,27,36,110,107
742,26,31,122,115
743,24,30,142,137
744,24,30,142,137
745,24,30,142,137
746,24,30,142,137
747,17,28,312,278
748,19,30,312,278
749,18,29,312,278
750,17,28,312,278
751,19,30,312,278
752,17,28,312,278
753,19,30,312,278
754,16,24,426,420
755,16,25,426,420
756,16,24,426,420
757,16,25,426,420
758,18,26,210,240
759,16,24,210,240
760,18,26,210,240
761,16,24,210,240
762,16,24,315,325
763,17,23,315,325
764,16,24,315,325
765,17,23,315,325
766,26,31,122,115
767,24,30,142,137
768,24,30,142,137
769,24,30,142,137
770,24,30,142,137
771,24,30,142,137
772,24,30,142,137
773,18,26,210,240
774,16,24,210,240
775,18,26,210,240
776,16,24,210,240
777,16,24,315,325
778,17,23,315,325
779,16,24,315,325
780,17,23,315,325
781,12,20,525,391
782,12,19,420,317
783,18,25,271,248
784,18,25,271,248
785,15,23,550,510
786,15,23,550,510
787,15,23,550,510
788,15,23,550,510
789,15,23,550,510
790,14,22,550,510
791,18,25,271,248
792,18,25,271,248
793,17,23,244,253
794,17,23,244,253
795,17,23,244,253
796,11,20,420,317
797,21,31,200,207
798,12,19,525,391
799,20,27,175,169
800,21,29,175,169
801,21,27,175,169
802,20,26,276,248
803,18,24,276,248
804,22,32,191,181
805,21,28,191,181
806,20,26,276,248
807,18,24,276,248
808,20,26,276,248
809,18,24,276,248
810,18,27,333,325
811,17,29,304,273
812,18,29,304,273
813,17,29,304,273
814,18,29,304,273
815,17,29,304,273
816,18,29,304,273
817,16,24,426,420
818,16,25,426,420
819,16,24,426,420
820,16,25,426,420
821,18,27,333,325
822,20,27,175,169
823,21,29,175,169
824,21,27,175,169
825,20,26,276,248
826,18,24,276,248
827,21,29,175,169
828,21,27,175,169
829,20,26,276,248
830,18,24,276,248
831,20,26,276,248
832,18,24,276,248
833,21,29,176,168
834,22,32,176,168
835,21,28,176,168
836,22,32,176,168
837,21,28,176,168
838,22,29,260,269
839,21,26,260,269
840,30,41,140,236
841,22,30,170,177
842,23,30,170,177
843,21,29,176,168
844,22,31,176,168
845,21,28,176,168
846,22,31,176,168
847,21,28,176,168
848,22,27,260,264
849,21,25,260,264
850,18,27,333,325
851,20,25,140,136
852,20,25,140,136
853,19,24,140,136
854,18,23,173,178
855,18,23,173,178
856,18,23,173,178
857,18,23,173,178
858,26,34,140,128
859,25,36,140,128
860,26,34,140,128
861,25,36,140,128
862,26,34,140,128
863,25,36,140,128
864,26,34,140,128
865,25,36,140,128
866,26,34,140,128
867,25,36,140,128
868,26,34,140,128
869,25,36,140,128
870,21,29,197,139
871,24,36,113,109
872,15,22,266,288
873,15,22,266,288
874,14,20,266,288
875,14,20,266,288
876,15,22,266,288
877,14,20,266,288
878,15,22,266,288
879,13,18,310,388
880,14,20,266,288
881,20,28,175,169
882,20,26,276,248
883,20,26,276,248
884,20,26,276,248
885,20,25,175,169
886,20,26,276,248
887,20,28,175,169
888,19,26,175,169
889,20,26,276,248
890,20,26,276,248
891,20,26,276,248
892,20,26,276,248
893,21,27,175,169
894,20,28,175,169
895,20,26,276,248
896,20,26,276,248
897,20,28,175,169
898,19,26,175,169
899,18,28,263,249
900,18,27,263,249
901,17,26,263,249
902,18,27,263,249
903,17,26,263,249
904,18,28,263,249
905,18,27,263,249
906,17,25,263,249
907,18,27,263,249
908,17,25,263,249
909,18,28,263,249
910,18,27,263,249
911,17,25,263,249
912,18,27,263,249
913,17,25,263,249
914,23,30,170,177
915,30,41,140,236
916,23,33,170,177
917,24,31,170,177
918,30,42,140,236
919,19,26,285,253
920,19,26,285,253
921,18,26,285,253
922,19,26,285,253
923,18,26,285,253
924,18,25,305,280
925,17,23,305,280
926,24,31,170,177
927,30,42,140,236
928,16,24,354,325
929,14,22,354,325
930,19,27,285,253
931,19,27,285,253
932,18,25,285,253
933,19,27,285,253
934,18,25,285,253
935,19,26,305,280
936,17,23,305,280
937,18,25,265,250
938,17,23,265,250
939,18,25,265,250
940,17,23,265,250
941,18,25,265,250
942,17,23,265,250
943,18,25,265,250
944,17,23,265,250
945,16,24,354,325
946,14,22,354,325
947,21,30,240,270
948,21,30,240,270
949,21,30,240,270
950,16,24,354,325
951,14,22,354,325
952,14,21,435,398
953,14,19,435,398
954,26,34,140,128
955,25,36,140,128
956,26,34,140,128
957,25,36,140,128
958,26,34,140,128
959,25,36,140,128
960,26,34,140,128
961,25,36,140,128
962,26,34,140,128
963,25,36,140,128
964,25,36,140,128
965,21,29,197,139
966,24,36,113,109
967,15,24,505,470
968,15,24,505,470
969,15,24,505,470
970,15,24,505,470
971,15,24,505,470
972,15,24,505,470
973,15,24,505,470
974,15,24,505,470
975,15,24,505,470
976,16,26,430,424
977,15,25,430,424
978,16,26,430,424
979,15,25,430,424
980,16,26,430,424
981,15,25,430,424
982,16,26,430,424
983,15,25,430,424
984,14,20,266,288
985,15,22,266,288
986,15,22,266,288
987,14,20,266,288
988,13,18,310,388
989,14,20,266,288
990,15,22,266,288
991,16,23,197,230
992,16,23,197,230
993,17,25,251,259
994,17,25,251,259
995,15,22,266,288
996,14,20,266,288
997,14,20,266,288
998,13,18,310,388
999,15,22,266,288
1000,14,20,266,288
1001,14,20,266,288
1002,15,22,266,288
1003,17,25,283,260
1004,17,25,283,260
1005,17,25,283,260
1006,17,25,283,260
1007,19,26,200,207
1008,18,24,200,207
1009,18,24,200,207
1010,18,24,200,207
1011,24,35,198,184
1012,24,35,190,179
1013,24,35,200,186
1014,24,35,190,179
1015,24,35,198,184
1016,22,34,274,269
1017,24,35,198,184
1018,22,34,274,269
1019,22,35,200,186
1020,22,33,274,269
1021,22,35,198,184
1022,24,35,198,184
1023,22,35,274,269
1024,22,35,190,179
1025,22,35,190,179
1026,22,35,200,186
1027,22,32,175,168
1028,21,32,175,168
1029,22,32,168,163
1030,22,32,168,163
1031,22,32,175,168
1032,22,32,175,168
1033,22,32,168,163
1034,19,29,249,229
1035,19,29,249,229
1036,31,37,122,128
1037,31,37,122,128
1038,17,22,260,257
1039,17,22,260,257
1040,16,21,260,257
1041,16,21,260,257
1042,16,22,260,257
1043,17,23,260,257
1044,16,22,260,257
1045,17,23,260,257
1046,27,33,117,106
1047,28,35,117,106
1048,27,33,117,106
1049,27,33,117,106
1050,35,40,166,154
1051,23,31,165,146
1052,22,32,176,168
1053,21,28,170,163
1054,22,32,176,168
1055,21,28,170,163
1056,22,32,170,163
1057,20,27,165,146
1058,21,28,176,168
1059,22,32,170,163
1060,21,28,170,163
1061,20,28,161,161
1062,20,28,161,161
1063,18,24,244,258
1064,17,21,244,258
1065,20,28,161,161
1066,18,24,244,258
1067,17,21,244,258
1068,17,24,262,248
1069,17,24,262,248
1070,16,23,262,248
1071,17,24,262,248
1072,16,23,262,248
1073,16,22,355,350
1074,17,24,262,248
1075,16,23,262,248
1076,16,22,355,350
1077,27,33,117,106
1078,28,35,117,106
1079,27,33,117,106
1080,27,33,117,106
1081,17,24,262,248
1082,17,24,262,248
1083,16,22,262,248
1084,16,22,355,350
1085,17,24,262,248
1086,16,22,262,248
1087,16,22,355,350
1088,17,24,262,248
1089,16,22,262,248
1090,16,22,355,350
1091,20,28,161,161
1092,20,28,161,161
1093,18,25,244,258
1094,17,23,244,258
1095,18,25,244,258
1096,17,23,244,258
1097,23,31,165,146
1098,22,31,176,168
1099,22,31,170,163
1100,21,28,176,168
1101,21,28,170,163
1102,21,28,176,168
1103,22,31,170,163
1104,20,27,165,146
1105,21,28,170,163
1106,22,31,176,168
1107,11,20,430,316
1108,12,19,525,391
1109,17,24,262,248
1110,17,24,262,248
1111,16,22,262,248
1112,16,22,355,350
1113,17,24,262,248
1114,16,22,262,248
1115,16,22,355,350
1116,17,24,273,270
1117,16,22,273,270
1118,17,24,273,270
1119,16,22,273,270
1120,17,24,273,270
1121,16,22,273,270
1122,18,26,200,207
1123,20,25,200,207
1124,20,25,200,207
1125,20,25,200,207
1126,14,19,280,265
1127,18,25,225,406
1128,14,21,382,391
1129,11,17,510,612
1130,11,18,518,465
1131,11,17,621,738
1132,18,28,230,200
1133,18,27,230,200
1134,19,28,300,300
1135,12,18,510,612
1136,15,21,536,590
1137,15,23,429,516
1138,12,18,621,738
1139,18,25,300,300
1140,18,25,300,300
1141,18,28,230,200
1142,18,28,230,200
1143,23,31,176,168
1144,22,30,176,168
1145,21,28,170,163
1146,21,28,176,168
1147,21,28,176,168
1148,21,28,170,163
1149,23,31,170,163
1150,23,31,176,168
1151,23,31,170,163
1152,20,28,300,300
1153,18,28,230,200
1154,18,28,230,200
1155,14,21,382,391
1156,12,18,507,465
1157,16,26,430,424
1158,15,25,430,424
1159,16,26,430,424
1160,15,25,430,424
1161,16,26,430,424
1162,15,25,430,424
1163,16,26,430,424
1164,15,25,430,424
1165,12,18,507,465
1166,16,26,430,424
1167,15,25,430,424
1168,16,26,430,424
1169,15,25,430,424
1170,16,26,430,424
1171,15,25,430,424
1172,16,26,430,424
1173,15,25,430,424
1174,17,25,265,262
1175,20,28,162,162
1176,20,28,162,162
1177,20,28,162,162
1178,20,28,162,162
1179,20,28,162,162
1180,20,28,162,162
1181,20,28,162,162
1182,17,25,265,262
1183,16,24,265,262
1184,20,28,162,162
1185,20,27,162,162
1186,20,27,162,162
1187,16,25,265,262
1188,16,26,430,424
1189,15,25,430,424
1190,16,26,430,424
1191,15,25,430,424
1192,16,26,430,424
1193,15,25,430,424
1194,16,26,430,424
1195,15,25,430,424
1196,22,28,179,172
1197,21,27,179,172
1198,19,27,269,246
1199,19,26,269,246
1200,22,28,179,172
1201,21,27,179,172
1202,19,27,269,246
1203,19,26,269,246
1204,22,28,179,172
1205,21,27,179,172
1206,19,27,269,246
1207,19,26,269,246
1208,20,27,162,162
1209,20,27,162,162
1210,16,24,265,262
1211,16,26,430,424
1212,15,25,430,424
1213,16,26,430,424
1214,15,25,430,424
1215,16,26,430,424
1216,15,25,430,424
1217,16,26,430,424
1218,15,25,430,424
1219,20,27,162,162
1220,16,24,265,262
1221,16,24,265,262
1222,19,26,162,162
1223,15,21,225,255
1224,15,21,225,255
1225,15,19,225,255
1226,15,21,225,255
1227,15,21,225,255
1228,15,19,225,255
1229,21,30,160,157
1230,21,30,160,157
1231,21,30,160,157
1232,21,30,160,157
1233,14,19,556,551
1234,12,18,556,551
1235,24,33,148,146
1236,24,33,148,146
1237,22,31,168,167
1238,22,31,152,146
1239,20,28,168,167
1240,22,31,152,146
1241,16,21,260,257
1242,14,19,556,551
1243,12,18,556,551
1244,12,18,556,551
1245,14,19,556,551
1246,14,19,556,551
1247,12,18,556,551
1248,16,26,270,223
1249,18,27,270,223
1250,18,27,270,223
1251,16,26,270,223
1252,18,27,270,223
1253,18,27,270,223
1254,18,27,270,223
1255,16,25,304,273
1256,18,27,304,273
1257,18,27,270,223
1258,16,25,304,273
1259,18,27,304,273
1260,18,27,304,273
1261,16,26,270,223
1262,14,20,310,327
1263,14,19,310,327
1264,13,18,381,401
1265,12,17,381,401
1266,14,18,381,401
1267,13,18,381,401
1268,12,17,381,401
1269,14,18,381,401
1270,13,18,381,401
1271,12,17,381,401
1272,17,26,230,200
1273,17,26,300,300
1274,17,26,300,300
1275,18,27,230,200
1276,17,24,297,253
1277,16,23,297,253
1278,17,24,297,253
1279,16,23,297,253
1280,15,22,382,391
1281,17,25,268,258
1282,17,26,230,200
1283,19,28,300,300
1284,18,27,230,200
1285,18,26,320,332
1286,19,28,300,300
1287,17,24,297,253
1288,16,23,297,253
1289,17,24,297,253
1290,16,23,297,253
1291,15,23,382,391
1292,17,26,268,258
1293,17,26,268,258
1294,15,23,382,391
1295,16,26,430,424
1296,15,25,430,424
1297,16,26,430,424
1298,15,25,430,424
1299,16,26,430,424
1300,15,25,430,424
1301,16,26,430,424
1302,15,25,430,424
1303,17,24,268,258
1304,15,23,382,391
1305,16,24,382,391
1306,18,26,268,258
1307,13,20,518,465
1308,18,28,230,200
1309,17,25,300,300
1310,17,25,230,200
1311,17,26,300,300
1312,17,26,300,300
1313,18,28,230,200
1314,17,25,230,200
1315,16,25,300,300
1316,14,21,638,604
1317,14,21,638,604
1318,14,20,638,604
1319,14,20,638,604
1320,14,20,638,604
1321,14,20,638,604
1322,21,28,200,180
1323,24,31,140,147
1324,16,26,430,424
1325,15,25,430,424
1326,16,26,430,424
1327,15,25,430,424
1328,16,26,430,424
1329,15,25,430,424
1330,16,26,430,424
1331,15,25,430,424
1332,18,27,300,300
1333,18,28,230,200
1334,17,25,230,200
1335,19,28,300,300
1336,18,28,230,200
1337,17,26,230,200
1338,18,26,320,332
1339,19,26,300,300
1340,19,28,300,300
1341,16,26,430,424
1342,15,25,430,424
1343,16,26,430,424
1344,15,25,430,424
1345,16,26,430,424
1346,15,25,430,424
1347,16,26,430,424
1348,15,25,430,424
1349,15,23,382,391
1350,15,23,382,391
1351,17,24,268,258
1352,13,20,518,465
1353,22,33,210,400
1354,17,24,268,258
1355,16,26,430,424
1356,15,25,430,424
1357,16,26,430,424
1358,15,25,430,424
1359,16,26,430,424
1360,15,25,430,424
1361,16,26,430,424
1362,15,25,430,424
1363,16,23,268,258
1364,11,15,382,391
1365,11,15,500,516
1366,11,15,382,391
1367,11,13,500,516
1368,16,26,430,424
1369,15,25,430,424
1370,16,26,430,424
1371,15,25,430,424
1372,16,26,430,424
1373,15,25,430,424
1374,16,26,430,424
1375,15,25,430,424
1376,16,26,430,424
1377,15,25,430,424
1378,16,26,430,424
1379,15,25,430,424
1380,16,26,430,424
1381,15,25,430,424
1382,16,26,430,424
1383,15,25,430,424
1384,16,26,430,424
1385,15,25,430,424
1386,16,26,430,424
1387,15,25,430,424
1388,16,26,430,424
1389,15,25,430,424
1390,16,26,430,424
1391,15,25,430,424
1392,16,26,270,223
1393,18,27,270,223
1394,14,18,403,417
1395,16,26,270,223
1396,18,27,270,223
1397,18,27,270,223
1398,18,27,270,223
1399,16,25,304,273
1400,18,27,304,273
1401,16,25,304,273
1402,18,27,304,273
1403,18,27,304,273
1404,18,27,304,273
1405,17,23,291,300
1406,16,22,291,300
1407,24,32,148,145
1408,22,31,168,167
1409,20,27,168,167
1410,19,26,230,215
1411,18,24,230,215
1412,19,25,230,215
1413,18,24,230,215
1414,18,27,304,273
1415,18,27,304,273
1416,16,25,304,273
1417,18,27,304,273
1418,18,27,304,273
1419,16,25,304,273
1420,18,27,304,273
1421,18,27,304,273
1422,14,19,310,327
1423,14,19,381,401
1424,13,18,310,327
1425,13,18,381,401
1426,13,18,381,401
1427,14,19,381,401
1428,13,18,381,401
1429,13,18,381,401
1430,14,19,381,401
1431,13,18,381,401
1432,13,18,381,401
1433,24,31,148,145
1434,15,23,275,295
1435,15,23,275,295
1436,15,23,275,295
1437,15,23,292,288
1438,17,24,297,253
1439,17,24,297,253
1440,17,24,297,253
1441,17,24,297,253
1442,17,26,300,300
1443,17,25,300,300
1444,18,28,230,200
1445,23,36,265,425
1446,17,25,230,200
1447,16,25,300,300
1448,17,25,230,200
1449,18,28,230,200
1450,17,26,300,300
1451,17,23,210,400
1452,13,17,335,339
1453,12,17,382,391
1454,24,31,140,147
1455,21,28,200,180
1456,12,17,382,391
1457,13,18,335,339
1458,17,21,210,400
1459,26,31,122,127
1460,24,32,122,127
1461,24,32,122,127
1462,26,31,122,127
1463,16,22,268,258
1464,16,21,268,258
1465,16,21,268,258
1466,16,23,268,258
1467,23,36,265,425
1468,18,27,300,300
1469,18,28,230,200
1470,17,26,230,200
1471,17,25,230,200
1472,18,28,230,200
1473,19,28,300,300
1474,19,26,300,300
1475,19,28,300,300
1476,23,28,171,171
1477,21,28,171,171
1478,20,27,171,171
1479,21,28,171,171
1480,14,19,240,223
1481,20,27,171,171
1482,13,17,240,223
1483,21,28,171,171
1484,14,19,240,223
1485,20,27,171,171
1486,13,17,240,223
1487,23,28,171,171
1488,21,28,171,171
1489,22,26,171,171
1490,21,28,171,171
1491,19,25,240,223
1492,22,26,171,171
1493,13,17,240,223
1494,21,28,171,171
1495,19,25,240,223
1496,22,26,171,171
1497,18,24,210,400
1498,14,19,268,258
1499,18,24,210,400
1500,15,19,268,258
1501,25,36,138,123
1502,22,35,138,123
1503,26,38,138,148
1504,26,38,138,148
1505,28,42,138,148
1506,26,39,138,148
1507,26,38,138,148
1508,26,38,138,148
1509,26,38,138,148
1510,17,25,230,200
1511,17,26,230,200
1512,17,25,230,200
1513,18,27,230,200
1514,26,36,136,123
1515,22,35,136,123
1516,24,36,138,148
1517,28,42,138,148
1518,26,37,138,148
1519,24,36,138,148
1520,24,36,138,148
1521,18,25,265,223
1522,18,25,265,223
1523,18,25,265,223
1524,17,23,265,223
1525,18,25,265,223
1526,17,23,265,223
1527,17,23,265,223
1528,22,28,171,171
1529,21,28,171,171
1530,22,26,171,171
1531,21,28,171,171
1532,19,25,240,223
1533,22,26,171,171
1534,13,17,240,223
1535,21,28,171,171
1536,19,25,240,223
1537,22,26,171,171
1538,13,17,240,223
1539,24,32,122,127
1540,26,31,122,127
1541,24,32,122,127
1542,26,34,107,111
1543,25,33,107,111
1544,26,34,107,111
1545,13,18,403,417
1546,10,15,403,417
1547,9,13,403,417
1548,10,15,403,417
1549,13,18,403,417
1550,10,15,403,417
1551,13,18,403,417
1552,26,31,122,127
1553,26,33,107,111
1554,24,32,122,127
1555,26,34,107,111
1556,24,32,122,127
1557,26,34,107,111
1558,17,26,230,200
1559,18,27,230,200
1560,17,25,230,200
1561,17,26,230,200
1562,14,20,403,417
1563,10,15,403,417
1564,14,20,403,417
1565,10,15,403,417
1566,10,16,403,417
1567,10,15,403,417
1568,14,20,403,417
1569,13,20,403,417
1570,20,23,332,367
1571,20,23,332,367
1572,20,23,332,367
1573,20,23,332,367
1574,20,31,173,166
1575,21,30,173,166
1576,19,29,283,260
1577,20,31,173,166
1578,21,28,180,161
1579,21,27,180,161
1580,21,28,180,161
1581,21,27,180,161
1582,21,28,180,161
1583,21,27,180,161
1584,21,28,180,161
1585,21,27,180,161
1586,21,30,173,166
1587,21,30,173,166
1588,21,30,173,166
1589,21,28,180,161
1590,21,27,180,161
1591,21,28,180,161
1592,21,27,180,161
1593,21,28,180,161
1594,21,27,180,161
1595,21,22,332,367
1596,21,22,332,367
1597,15,23,275,295
1598,15,23,275,295
1599,15,23,275,295
1600,15,22,292,288
1601,20,25,166,161
1602,19,24,166,161
1603,20,25,166,161
1604,19,24,166,161
1605,18,25,265,223
1606,18,25,265,223
1607,17,23,265,223
1608,18,25,265,223
1609,17,23,265,223
1610,15,22,300,295
1611,18,25,265,223
1612,17,23,265,223
1613,15,22,300,295
1614,10,15,403,417
1615,10,14,403,417
1616,10,15,403,417
1617,10,14,403,417
1618,10,15,403,417
1619,10,14,403,417
1620,10,15,403,417
1621,13,18,403,417
1622,16,20,261,281
1623,16,22,261,281
1624,15,20,261,281
1625,15,20,261,281
1626,16,22,261,281
1627,16,20,261,281
1628,15,20,261,281
1629,15,20,261,281
1630,15,20,261,281
1631,15,21,261,281
1632,16,20,261,281
1633,16,20,261,281
1634,15,20,261,281
1635,15,21,261,281
1636,16,20,261,281
1637,15,21,261,281
1638,23,31,175,180
1639,18,27,270,258
1640,16,25,300,300
1641,18,27,230,200
1642,15,23,360,360
1643,18,28,230,200
1644,17,25,300,300
1645,17,25,230,200
1646,15,22,360,360
1647,17,25,230,200
1648,17,26,300,300
1649,17,26,300,300
1650,13,18,382,391
1651,18,25,210,400
1652,11,15,503,465
1653,15,20,268,258
1654,16,21,268,258
1655,16,20,268,258
1656,17,25,300,300
1657,18,25,210,400
1658,17,25,230,200
1659,13,18,382,391
1660,15,22,360,360
1661,21,28,200,180
1662,24,31,140,147
1663,24,32,122,127
1664,26,31,122,127
1665,19,24,187,186
1666,18,24,266,245
1667,19,24,187,186
1668,18,24,266,245
1669,16,22,266,245
1670,18,24,266,245
1671,18,24,266,245
1672,18,24,266,245
1673,16,22,266,245
1674,18,24,266,245
1675,18,24,266,245
1676,16,22,266,245
1677,15,22,400,450
1678,20,30,300,300
1679,19,28,300,300
1680,17,25,400,450
1681,27,36,109,107
1682,14,22,382,391
1683,12,19,518,465
1684,12,18,604,738
1685,18,26,228,221
1686,18,25,300,265
1687,14,22,355,376
1688,17,26,228,221
1689,19,25,300,265
1690,19,26,228,221
1691,16,23,273,270
1692,17,25,355,350
1693,17,24,273,270
1694,17,24,273,270
1695,17,25,355,350
1696,16,23,273,270
1697,16,24,300,300
1698,16,23,300,300
1699,19,26,228,221
1700,16,21,355,350
1701,16,22,268,267
1702,17,23,268,267
1703,17,23,268,267
1704,16,22,268,267
1705,16,22,355,350
1706,19,26,305,280
1707,17,23,305,280
1708,17,23,265,250
1709,18,25,265,250
1710,14,20,403,417
1711,10,15,403,417
1712,10,16,403,417
1713,13,20,403,417
1714,14,20,403,417
1715,10,15,403,417
1716,14,20,403,417
1717,13,20,403,417
1718,18,27,263,249
1719,17,24,263,249
1720,17,24,263,249
1721,18,21,263,249
1722,16,22,273,270
1723,15,21,273,270
1724,16,22,273,270
1725,15,21,273,270
1726,16,22,273,270
1727,15,21,273,270
1728,17,23,266,245
1729,17,23,266,245
1730,17,23,266,245
1731,16,21,266,245
1732,17,23,266,245
1733,17,23,266,245
1734,17,23,266,245
1735,17,23,266,245
1736,16,21,266,245
1737,20,25,166,161
1738,19,24,166,161
1739,20,25,166,161
1740,18,23,166,161
1741,19,24,166,161
1742,18,23,166,161
1743,20,25,166,161
1744,29,35,100,98
1745,27,33,100,98
1746,29,35,100,98
1747,27,33,100,98
1748,25,33,148,135
1749,25,33,148,135
1750,24,33,148,135
1751,25,33,148,135
1752,24,33,148,135
1753,20,28,167,168
1754,22,29,167,168
1755,20,28,167,168
1756,20,29,167,168
1757,20,28,167,168
1758,22,29,167,168
1759,20,28,167,168
1760,22,29,167,168
1761,18,25,290,255
1762,20,28,240,270
1763,17,23,290,255
1764,18,25,290,255
1765,20,28,240,270
1766,17,23,290,255
1767,18,25,290,255
1768,20,28,240,270
1769,17,23,290,255
1770,21,29,167,168
1771,22,29,167,168
1772,21,29,167,168
1773,22,29,167,168
1774,17,25,290,255
1775,17,23,290,255
1776,17,25,290,255
1777,17,23,290,255
1778,17,25,290,255
1779,17,23,290,255
1780,25,33,148,135
1781,25,33,148,135
1782,24,33,148,135
1783,25,33,148,135
1784,24,33,148,135
1785,21,29,167,168
1786,22,29,167,168
1787,21,29,167,168
1788,22,29,167,168
1789,18,25,263,280
1790,18,25,263,280
1791,14,20,210,254
1792,13,19,210,254
1793,13,19,210,254
1794,14,19,292,315
1795,14,20,210,254
1796,13,19,210,254
1797,14,19,292,315
1798,14,20,210,254
1799,13,19,210,254
1800,13,19,210,254
1801,14,19,292,315
1802,21,28,157,163
1803,21,28,157,163
1804,21,28,157,163
1805,21,28,157,163
1806,22,28,153,148
1807,21,27,153,148
1808,21,27,153,148
1809,21,27,153,148
1810,17,23,250,253
1811,16,22,250,253
1812,17,23,250,253
1813,16,22,250,253
1814,17,23,250,253
1815,16,22,250,253
1816,17,23,250,253
1817,16,22,250,253
1818,21,30,170,167
1819,22,31,170,167
1820,22,31,170,167
1821,22,31,170,167
1822,22,31,170,167
1823,18,27,272,269
1824,18,27,272,269
1825,18,27,270,223
1826,18,26,270,223
1827,18,27,270,223
1828,18,26,270,223
1829,18,27,270,223
1830,18,26,270,223
1831,18,26,304,273
1832,18,26,304,273
1833,18,26,304,273
1834,18,26,304,273
1835,9,13,310,365
1836,13,18,310,365
1837,10,15,310,365
1838,14,20,310,365
1839,9,13,310,365
1840,14,20,310,365
1841,12,17,239,287
1842,12,17,239,287
1843,16,24,239,287
1844,12,17,239,287
1845,18,26,228,221
1846,19,28,300,300
1847,15,22,400,450
1848,15,22,400,450
1849,16,21,303,262
1850,16,21,303,262
1851,14,20,390,369
1852,18,26,228,221
1853,18,25,228,221
1854,18,27,270,223
1855,18,26,270,223
1856,18,27,270,223
1857,18,26,270,223
1858,18,27,270,223
1859,18,26,270,223
1860,18,26,304,273
1861,18,26,304,273
1862,18,26,304,273
1863,18,26,304,273
1864,16,23,303,262
1865,16,21,303,262
1866,14,20,390,369
1867,18,26,228,221
1868,27,32,302,258
1869,18,27,302,272
1870,18,27,302,272
1871,18,27,302,272
1872,18,27,302,272
1873,18,27,302,272
1874,17,25,303,262
1875,24,32,158,141
1876,24,32,158,141
1877,23,29,172,165
1878,18,26,228,221
1879,23,31,158,141
1880,23,31,158,141
1881,23,29,172,165
1882,23,29,172,165
1883,23,31,158,141
1884,23,31,158,141
1885,15,22,400,450
1886,15,22,400,450
1887,19,27,300,300
1888,20,30,300,300
1889,18,27,305,268
1890,15,24,379,410
1891,14,23,470,470
1892,14,21,360,360
1893,17,25,303,262
1894,16,22,303,262
1895,16,21,325,336
1896,14,20,325,336
1897,17,25,250,250
1898,13,19,425,420
1899,16,25,372,400
1900,18,26,330,270
1901,17,24,330,270
1902,16,25,420,417
1903,16,23,420,417
1904,21,27,182,182
1905,20,25,182,182
1906,19,26,268,246
1907,18,25,268,246
1908,18,26,330,270
1909,17,24,330,270
1910,16,24,420,417
1911,16,23,420,417
1912,18,27,302,272
1913,18,27,302,272
1914,18,27,302,272
1915,18,27,302,272
1916,18,27,302,272
1917,15,24,320,315
1918,15,24,320,315
1919,15,22,320,315
1920,10,15,310,365
1921,13,18,310,365
1922,10,15,310,365
1923,9,13,310,365
1924,10,15,310,365
1925,13,18,310,365
1926,10,15,310,365
1927,9,13,310,365
1928,14,20,310,365
1929,9,13,310,365
1930,10,15,310,365
1931,13,18,310,365
1932,14,20,310,365
1933,9,13,310,365
1934,10,15,310,365
1935,14,20,310,365
1936,18,27,292,260
1937,16,25,370,395
1938,18,27,292,260
1939,21,30,170,167
1940,22,31,170,167
1941,22,31,170,167
1942,22,31,170,167
1943,22,31,170,167
1944,18,27,272,269
1945,18,27,272,269
1946,17,24,288,270
1947,16,23,288,270
1948,17,24,288,270
1949,16,23,288,270
1950,17,24,288,270
1951,16,23,288,270
1952,17,24,288,270
1953,16,23,288,270
1954,17,24,288,270
1955,16,23,288,270
1956,20,29,170,167
1957,20,29,170,167
1958,21,29,170,167
1959,20,29,170,167
1960,21,30,170,167
1961,21,30,170,167
1962,21,30,170,167
1963,17,25,272,269
1964,17,25,272,269
1965,17,25,250,250
1966,17,23,250,250
1967,17,23,250,250
1968,13,19,425,420
1969,16,23,368,395
1970,16,25,368,395
1971,16,23,368,395
1972,17,23,250,250
1973,17,25,250,250
1974,16,23,290,260
1975,16,22,290,260
1976,16,22,290,260
1977,16,23,290,260
1978,16,23,290,260
1979,14,20,310,365
1980,9,13,310,365
1981,9,13,310,365
1982,9,13,310,365
1983,14,20,310,365
1984,9,13,310,365
1985,14,20,310,365
1986,9,13,310,365
1987,9,13,310,365
1988,9,13,310,365
1989,9,13,310,365
1990,12,17,310,365
1991,9,13,310,365
1992,12,17,310,365
1993,9,13,310,365
1994,12,17,310,365
1995,14,20,310,365
1996,12,17,310,365
1997,9,13,310,365
1998,12,17,310,365
1999,22,28,167,140
2000,21,28,158,140
2001,21,28,167,140
2002,21,28,158,140
2003,21,28,167,140
2004,21,28,167,140
2005,21,28,167,140
2006,21,28,158,140
2007,21,28,167,140
2008,21,28,158,140
2009,21,28,167,140
2010,21,28,158,140
2011,22,28,167,140
2012,21,28,167,140
2013,21,28,167,140
2014,21,28,167,140
2015,21,28,167,140
2016,21,28,167,140
2017,21,28,167,140
2018,21,28,167,140
2019,21,28,167,140
2020,21,28,167,140
2021,16,22,232,159
2022,16,23,212,159
2023,16,22,232,159
2024,16,23,212,159
2025,16,22,232,159
2026,20,29,218,187
2027,20,29,218,187
2028,19,27,218,187
2029,16,22,232,159
2030,16,23,212,159
2031,16,22,232,159
2032,16,23,212,159
2033,16,22,232,159
2034,21,29,182,182
2035,20,28,182,182
2036,19,26,268,246
2037,18,25,268,246
2038,29,36,106,103
2039,29,35,106,103
2040,15,22,182,172
2041,20,29,182,172
2042,15,22,182,172
2043,20,29,182,172
2044,17,24,264,222
2045,22,32,182,172
2046,20,29,182,172
2047,12,18,264,222
2048,12,17,264,222
2049,15,22,182,172
2050,20,29,182,172
2051,17,24,264,222
2052,12,17,264,222
2053,16,23,264,222
2054,29,36,106,103
2055,29,35,106,103
2056,23,31,170,175
2057,29,36,106,103
2058,29,35,106,103
2059,13,19,317,385
2060,22,32,182,172
2061,20,29,182,172
2062,22,32,182,172
2063,20,29,182,172
2064,17,24,264,222
2065,16,22,264,222
2066,12,18,264,222
2067,12,17,264,222
2068,22,32,182,172
2069,20,29,182,172
2070,17,24,264,222
2071,16,22,264,222
2072,12,18,264,222
2073,12,17,264,222
2074,22,32,182,172
2075,20,29,182,172
2076,17,24,264,222
2077,16,22,264,222
2078,17,24,264,222
2079,12,17,264,222
2080,29,36,106,103
2081,29,35,106,103
2082,29,36,106,103
2083,29,35,106,103
2084,21,27,136,128
2085,21,27,136,128
2086,22,27,136,128
2087,22,27,136,128
2088,21,26,136,128
2089,21,26,136,128
2090,21,26,136,128
2091,21,26,136,128
2092,22,25,136,128
2093,22,25,136,128
2094,22,25,136,128
2095,22,25,136,128
2096,12,18,317,385
2097,13,19,317,385
2098,12,17,224,265
2099,12,18,317,385
2100,9,13,317,385
2101,12,18,317,385
2102,18,25,385,310
2103,18,25,345,288
2104,18,25,385,310
2105,18,24,345,288
2106,18,25,345,288
2107,16,24,500,480
2108,17,25,385,310
2109,18,25,408,310
2110,17,25,325,267
2111,16,24,325,267
2112,9,13,317,385
2113,9,13,317,385
2114,12,18,317,385
2115,12,18,317,385
2116,23,28,171,171
2117,21,28,171,171
2118,20,26,171,171
2119,21,28,171,171
2120,20,26,171,171
2121,21,28,171,171
2122,20,26,171,171
2123,14,19,240,223
2124,13,17,240,223
2125,9,13,317,385
2126,9,13,317,385
2127,22,28,171,171
2128,21,28,171,171
2129,20,26,171,171
2130,21,28,171,171
2131,20,26,171,171
2132,21,28,171,171
2133,20,26,171,171
2134,19,25,240,223
2135,18,23,240,223
2136,29,36,106,103
2137,29,35,106,103
2138,30,38,106,103
2139,30,35,106,103
2140,30,35,106,103
2141,16,24,500,480
2142,18,25,345,288
2143,18,26,385,310
2144,17,25,385,310
2145,18,26,345,288
2146,17,25,408,310
2147,14,20,360,390
2148,16,22,290,260
2149,16,22,290,260
2150,16,23,290,260
2151,13,20,360,390
2152,17,25,283,260
2153,17,25,283,260
2154,17,25,283,260
2155,17,25,283,260
2156,17,25,283,260
2157,15,20,210,235
2158,14,20,357,389
2159,14,19,210,235
2160,13,19,357,389
2161,14,20,357,389
2162,13,19,357,389
2163,23,29,158,141
2164,22,28,172,165
2165,17,24,288,270
2166,16,23,288,270
2167,17,24,288,270
2168,16,23,288,270
2169,17,24,288,270
2170,16,23,288,270
2171,17,24,288,270
2172,16,23,288,270
2173,18,25,185,190
2174,18,25,185,190
2175,18,24,185,190
2176,17,23,242,242
2177,22,32,182,172
2178,17,23,242,242
2179,20,29,182,172
2180,18,25,185,190
2181,18,25,185,190
2182,18,24,185,190
2183,17,23,185,190
2184,17,23,242,242
2185,22,32,182,172
2186,17,23,242,242
2187,20,29,182,172
2188,18,25,185,190
2189,18,25,185,190
2190,18,25,185,190
2191,17,23,185,190
2192,17,23,242,242
2193,22,32,182,172
2194,17,23,242,242
2195,20,29,182,172
2196,18,25,185,190
2197,18,25,185,190
2198,18,24,185,190
2199,17,23,185,190
2200,17,23,242,242
2201,14,20,300,320
2202,17,23,242,242
2203,18,25,185,190
2204,18,25,185,190
2205,14,20,300,320
2206,16,21,242,242
2207,14,19,300,320
2208,17,23,242,242
2209,20,29,182,172
2210,18,25,185,190
2211,22,32,182,172
2212,17,23,242,242
2213,17,23,242,242
2214,14,20,300,320
2215,14,19,300,320
2216,17,23,242,242
2217,16,21,242,242
2218,14,20,300,320
2219,14,19,300,320
2220,17,23,185,190
2221,17,25,325,267
2222,16,24,325,267
2223,17,23,250,253
2224,16,22,250,253
2225,17,23,250,253
2226,17,23,250,253
2227,16,22,250,253
2228,17,23,250,253
2229,16,22,250,253
2230,30,35,106,103
2231,30,35,106,103
2232,30,38,106,103
2233,30,35,106,103
2234,20,25,187,186
2235,18,24,270,248
2236,17,22,270,248
2237,20,25,187,186
2238,18,24,270,248
2239,17,22,270,248
2240,18,24,270,248
2241,17,22,270,248
2242,17,25,251,259
2243,16,23,197,230
2244,17,24,175,205
2245,17,24,175,205
2246,16,23,197,230
2247,23,29,158,141
2248,23,28,172,165
2249,23,28,172,165
2250,23,29,158,141
2251,23,28,172,165
2252,23,28,172,165
2253,20,29,182,172
2254,23,28,172,165
2255,19,26,173,166
2256,16,24,280,260
2257,16,24,280,260
2258,16,24,280,260
2259,17,25,325,267
2260,16,24,325,267
2261,19,27,328,269
2262,19,27,328,269
2263,18,25,328,269
2264,17,25,328,269
2265,15,22,360,360
2266,19,27,328,269
2267,18,25,328,269
2268,17,25,328,269
2269,15,22,400,450
2270,14,21,400,450
2271,14,20,400,450
2272,14,20,400,450
2273,13,19,535,550
2274,14,21,400,450
2275,15,22,400,450
2276,22,32,182,172
2277,20,29,182,172
2278,22,32,182,172
2279,22,32,182,172
2280,20,29,182,172
2281,22,32,182,172
2282,20,29,182,172
2283,20,29,182,172
2284,14,20,400,450
2285,13,19,535,550
2286,14,22,400,450
2287,14,20,400,450
2288,15,22,400,450
2289,17,25,315,330
2290,17,25,315,330
2291,14,20,400,450
2292,19,25,173,166
2293,15,23,235,232
2294,15,23,235,232
2295,15,23,235,232
2296,16,24,235,232
2297,16,24,235,232
2298,16,24,235,232
2299,17,24,455,515
2300,17,24,455,515
2301,16,21,260,265
2302,16,21,260,265
2303,16,21,260,265
2304,15,21,260,265
2305,16,21,260,265
2306,17,24,455,515
2307,15,21,260,265
2308,14,20,500,516
2309,14,22,500,516
2310,14,22,500,516
2311,14,20,500,516
2312,19,27,272,254
2313,16,22,210,235
2314,16,22,210,235
2315,16,21,260,265
2316,15,21,210,235
2317,16,22,210,235
2318,15,21,210,235
2319,16,21,260,265
2320,15,21,210,235
2321,16,20,260,265
2322,16,20,260,265
2323,15,20,195,260
2324,13,18,310,334
2325,13,17,310,334
2326,19,27,330,270
2327,19,27,330,270
2328,18,25,330,270
2329,17,25,330,270
2330,17,25,348,276
2331,22,32,182,172
2332,20,29,182,172
2333,22,32,182,172
2334,20,29,182,172
2335,12,18,264,222
2336,16,22,264,222
2337,22,32,182,172
2338,20,29,182,172
2339,12,18,264,222
2340,16,22,264,222
2341,22,32,182,172
2342,20,29,182,172
2343,20,29,182,172
2344,17,24,264,222
2345,16,21,260,265
2346,16,21,260,265
2347,11,16,320,335
2348,15,21,320,335
2349,14,18,403,417
2350,11,16,320,335
2351,11,16,320,335
2352,13,18,403,417
2353,18,25,345,288
2354,18,25,385,310
2355,16,24,500,480
2356,18,25,345,288
2357,18,25,385,310
2358,18,25,385,310
2359,18,25,345,288
2360,15,21,320,335
2361,11,16,320,335
2362,14,18,403,417
2363,15,21,320,335
2364,15,21,320,335
2365,10,15,403,417
2366,19,27,330,270
2367,19,27,330,270
2368,18,25,330,270
2369,17,25,330,270
2370,15,21,320,335
2371,15,21,320,335
2372,10,16,352,382
2373,10,15,352,382
2374,15,21,320,335
2375,15,21,320,335
2376,10,16,352,382
2377,10,15,352,382
2378,14,18,403,417
2379,13,18,403,417
2380,19,27,348,276
2381,11,16,320,335
2382,11,16,320,335
2383,10,16,352,382
2384,10,15,352,382
2385,15,21,320,335
2386,11,16,320,335
2387,10,16,352,382
2388,10,15,352,382
2389,14,20,403,417
2390,10,15,403,417
2391,12,18,320,393
2392,12,17,320,393
2393,14,20,400,413
2394,14,20,400,413
2395,16,21,300,270
2396,16,21,300,270
2397,19,24,240,260
2398,17,22,240,260
2399,19,24,240,260
2400,17,22,240,260
2401,13,20,414,295
2402,16,23,300,270
2403,16,23,300,270
2404,13,20,414,295
2405,16,22,300,271
2406,17,24,300,271
2407,18,26,280,254
2408,17,25,305,273
2409,17,25,305,273
2410,14,20,414,295
2411,14,20,414,295
2412,18,26,280,254
2413,17,25,305,273
2414,17,25,305,273
2415,14,20,414,295
2416,14,20,414,295
2417,11,16,324,373
2418,15,20,195,260
2419,13,18,310,334
2420,10,13,310,334
2421,11,17,280,295
2422,11,16,324,373
2423,8,12,280,295
2424,24,31,135,142
2425,21,30,201,170
2426,20,28,201,172
2427,18,27,280,254
2428,24,31,135,142
2429,22,31,201,170
2430,21,29,201,172
2431,19,28,280,254
2432,22,30,201,170
2433,15,20,195,260
2434,10,13,310,334
2435,10,13,310,334
2436,20,23,332,367
2437,20,23,332,367
2438,20,23,332,367
2439,20,23,332,367
2440,21,22,332,367
2441,21,22,332,367
2442,21,22,332,367
2443,21,22,332,367
2444,18,25,345,288
2445,18,25,345,288
2446,16,24,500,480
2447,18,25,385,310
2448,18,25,385,310
2449,10,13,310,334
2450,13,17,310,334
2451,9,12,310,334
2452,13,17,310,334
2453,19,26,310,266
2454,19,27,320,273
2455,19,27,255,214
2456,13,22,600,560
2457,13,22,600,560
2458,19,26,310,266
2459,19,27,255,214
2460,20,24,380,427
2461,15,22,300,295
2462,15,22,500,516
2463,16,23,300,295
2464,16,22,400,369
2465,12,19,550,553
2466,12,19,500,516
2467,11,17,405,369
2468,13,18,405,369
2469,11,17,405,369
2470,14,20,290,273
2471,13,19,385,369
2472,14,20,290,273
2473,24,31,135,142
2474,8,12,280,295
2475,11,16,324,373
2476,8,12,280,295
2477,11,16,324,373
2478,22,32,155,150
2479,22,30,155,150
2480,16,23,155,150
2481,22,30,155,150
2482,16,23,172,167
2483,22,30,172,167
2484,22,32,155,150
2485,22,30,155,150
2486,16,23,155,150
2487,22,30,155,150
2488,16,22,172,167
2489,15,21,172,167
2490,21,29,260,260
2491,19,29,260,260
2492,16,23,155,150
2493,22,30,155,150
2494,16,23,155,150
2495,22,30,155,150
2496,22,32,155,150
2497,16,22,155,150
2498,22,30,172,167
2499,15,21,172,167
2500,18,26,408,310
2501,19,27,265,221
2502,19,27,330,273
2503,19,26,320,273
2504,19,27,265,221
2505,19,26,320,273
2506,13,22,300,262
2507,18,30,300,262
2508,18,30,300,262
2509,14,22,211,216
2510,14,22,211,216
2511,17,27,230,235
2512,19,24,224,226
2513,21,27,170,174
2514,21,27,170,174
2515,21,27,170,174
2516,21,27,170,174
2517,19,24,224,226
2518,14,22,211,216
2519,18,29,211,216
2520,13,20,230,235
2521,16,22,288,270
2522,17,24,288,270
2523,17,24,288,270
2524,17,24,288,270
2525,16,22,288,270
2526,16,22,288,270
2527,17,24,288,270
2528,16,22,288,270
2529,16,22,288,270
2530,17,24,288,270
2531,16,22,288,270
2532,17,24,288,270
2533,19,26,166,162
2534,19,25,166,162
2535,19,23,166,162
2536,19,25,166,162
2537,19,23,166,162
2538,19,30,182,172
2539,17,27,280,259
2540,16,26,280,259
2541,19,30,182,172
2542,19,30,182,172
2543,16,25,252,215
2544,17,27,280,259
2545,17,26,255,217
2546,17,26,255,217
2547,19,26,166,162
2548,19,25,166,162
2549,19,23,166,162
2550,19,25,166,162
2551,17,23,230,213
2552,19,25,166,162
2553,19,23,166,162
2554,17,23,230,213
2555,19,23,166,162
2556,11,16,324,373
2557,8,12,324,373
2558,18,27,248,250
2559,18,27,248,250
2560,18,27,248,250
2561,19,28,248,250
2562,19,28,248,250
2563,11,16,324,373
2564,11,16,324,373
2565,15,20,195,260
2566,10,13,310,334
2567,10,13,310,334
2568,8,12,280,295
2569,8,12,324,373
2570,10,14,302,305
2571,10,16,280,295
2572,8,12,280,295
2573,15,20,195,260
2574,8,12,280,295
2575,21,27,170,174
2576,21,27,170,174
2577,16,23,244,240
2578,16,23,244,240
2579,17,25,244,245
2580,17,25,244,245
2581,10,13,310,334
2582,13,17,310,334
2583,10,13,310,334
2584,9,12,310,334
2585,21,31,185,170
2586,20,29,185,170
2587,15,20,195,260
2588,13,18,310,334
2589,21,31,185,170
2590,20,29,185,170
2591,20,29,185,170
2592,20,29,210,221
2593,20,29,210,221
2594,19,27,210,221
2595,19,27,210,221
2596,19,27,210,221
2597,20,29,210,221
2598,20,29,210,221
2599,19,27,210,221
2600,23,33,150,140
2601,23,32,150,140
2602,23,33,150,140
2603,22,30,150,140
2604,22,30,150,140
2605,22,30,150,140
2606,23,33,150,140
2607,23,32,150,140
2608,23,33,150,140
2609,19,28,210,221
2610,19,28,210,221
2611,21,31,210,221
2612,17,27,210,221
2613,17,27,210,221
2614,21,31,210,221
2615,20,29,210,221
2616,20,29,210,221
2617,19,24,224,226
2618,20,27,170,170
2619,20,26,170,170
2620,20,26,170,170
2621,19,24,224,226
2622,20,27,170,170
2623,20,26,170,170
2624,19,27,268,248
2625,18,25,303,274
2626,19,26,303,274
2627,17,24,342,339
2628,25,34,148,145
2629,25,34,148,145
2630,25,34,148,145
2631,25,34,148,145
2632,13,20,227,237
2633,13,20,227,237
2634,15,23,292,288
2635,13,20,227,237
2636,17,26,227,237
2637,17,26,227,237
2638,17,26,227,237
2639,13,20,227,237
2640,17,26,227,237
2641,17,26,227,237
2642,17,26,227,237
2643,15,22,292,288
2644,17,26,227,237
2645,13,21,220,258
2646,19,30,182,172
2647,11,17,470,443
2648,13,20,470,443
2649,19,28,210,221
2650,17,27,210,221
2651,17,27,210,221
2652,20,29,210,221
2653,19,28,210,221
2654,21,31,210,221
2655,16,23,290,260
2656,16,22,290,260
2657,16,23,290,260
2658,14,20,360,390
2659,12,16,290,260
2660,13,19,360,390
2661,13,17,290,260
2662,14,20,360,390
2663,12,16,290,260
2664,13,19,360,390
2665,16,23,290,260
2666,14,20,360,390
2667,16,22,290,260
2668,13,19,360,390
2669,16,23,290,260
2670,14,20,360,390
2671,16,22,290,260
2672,13,19,360,390
2673,12,16,290,260
2674,13,19,360,390
2675,20,29,210,221
2676,21,31,210,221
2677,11,17,470,443
2678,13,20,470,443
2679,18,25,265,244
2680,19,25,265,244
2681,20,26,170,170
2682,20,27,170,170
2683,20,26,170,170
2684,20,27,170,170
2685,17,23,305,290
2686,20,27,170,170
2687,20,26,170,170
2688,16,21,210,235
2689,14,20,357,389
2690,15,20,210,235
2691,13,19,357,389
2692,16,21,210,235
2693,14,20,357,389
2694,15,20,210,235
2695,13,19,357,389
2696,12,16,420,420
2697,16,23,620,516
2698,16,22,210,235
2699,15,21,210,235
2700,16,22,210,235
2701,15,21,210,235
2702,16,22,210,235
2703,15,21,210,235
2704,16,22,210,235
2705,15,21,210,235
2706,16,22,210,235
2707,15,21,210,235
2708,16,22,210,235
2709,15,21,210,235
2710,15,21,210,235
2711,15,22,230,234
2712,15,22,230,234
2713,15,22,230,234
2714,15,22,230,234
2715,12,17,375,375
2716,12,17,375,375
2717,12,17,375,375
2718,12,17,375,375
2719,16,22,210,235
2720,15,21,210,235
2721,16,22,210,235
2722,15,21,210,235
2723,15,21,210,235
2724,12,18,510,461
2725,12,18,375,375
2726,12,18,375,375
2727,12,18,510,461
2728,12,18,375,375
2729,18,28,240,251
2730,18,28,240,251
2731,18,28,240,251
2732,18,28,240,251
2733,18,28,240,251
2734,18,29,173,166
2735,14,21,283,260
2736,19,29,283,260
2737,9,16,540,434
2738,13,18,375,375
2739,12,17,510,461
2740,13,18,375,375
2741,20,29,173,166
2742,13,19,186,191
2743,16,27,235,232
2744,13,18,375,375
2745,12,17,510,461
2746,21,30,173,166
2747,21,30,173,166
2748,12,17,510,461
2749,21,31,210,221
2750,21,31,210,221
2751,17,27,210,221
2752,19,28,210,221
2753,19,27,210,221
2754,20,29,210,221
2755,23,31,180,173
2756,23,31,180,173
2757,23,31,180,173
2758,23,31,180,173
2759,23,31,180,173
2760,23,31,180,173
2761,20,27,161,162
2762,21,29,161,162
2763,11,17,470,443
2764,13,20,470,443
2765,20,27,161,162
2766,21,29,161,162
2767,11,17,470,443
2768,13,20,470,443
2769,20,29,210,221
2770,19,27,210,221
2771,21,31,210,221
2772,17,27,210,221
2773,19,27,210,221
2774,29,37,121,114
2775,28,36,121,114
2776,27,35,181,177
2777,26,34,181,177
2778,25,33,208,192
2779,29,37,121,114
2780,28,36,121,114
2781,27,35,181,177
2782,26,34,181,177
2783,25,33,208,192
2784,28,37,118,114
2785,25,33,118,114
2786,26,34,172,177
2787,24,32,172,177
2788,25,33,208,192
2789,27,35,121,114
2790,27,35,121,114
2791,27,35,181,177
2792,26,34,181,177
2793,25,33,208,192
2794,28,35,121,114
2795,27,36,121,114
2796,27,35,181,177
2797,26,34,181,177
2798,25,33,208,192
2799,28,36,118,114
2800,25,33,118,114
2801,26,34,172,177
2802,24,32,172,177
2803,25,33,208,192
2804,16,23,385,380
2805,15,22,385,380
2806,15,21,470,424
2807,15,21,470,424
2808,15,21,510,461
2809,15,21,510,461
2810,22,33,169,160
2811,22,33,169,160
2812,22,33,169,160
2813,17,26,252,251
2814,22,33,169,160
2815,17,26,252,251
2816,16,27,235,232
2817,27,35,121,114
2818,27,35,121,114
2819,27,35,181,177
2820,26,34,181,177
2821,25,33,208,192
2822,11,17,510,420
2823,12,18,510,420
2824,28,35,121,114
2825,27,36,121,114
2826,27,35,181,177
2827,26,34,181,177
2828,25,33,208,192
2829,28,36,118,114
2830,25,33,118,114
2831,26,34,172,177
2832,24,32,172,177
2833,25,33,208,192
2834,13,19,470,443
2835,13,19,470,443
2836,21,30,173,166
2837,20,31,173,166
2838,20,31,173,166
2839,14,21,283,260
2840,16,22,385,380
2841,15,22,510,461
2842,16,24,385,380
2843,15,22,510,461
2844,15,22,510,461
2845,18,27,292,260
2846,18,27,292,260
2847,16,25,363,394
2848,15,23,363,394
2849,16,22,385,380
2850,15,22,510,461
2851,20,26,170,170
2852,20,27,170,170
2853,19,24,224,226
2854,15,22,510,461
2855,16,24,385,380
2856,16,23,385,380
2857,16,23,385,380
2858,15,21,510,461
2859,15,21,470,424
2860,23,29,158,141
2861,23,28,172,165
2862,22,28,172,165
2863,23,29,158,141
2864,23,28,172,165
2865,22,28,172,165
2866,23,28,172,165
2867,22,28,172,165
2868,23,28,172,165
2869,22,28,172,165
2870,18,26,178,190
2871,17,23,250,250
2872,17,25,250,250
2873,17,25,250,250
2874,17,23,250,250
2875,16,25,360,389
2876,16,23,360,389
2877,17,25,250,250
2878,16,25,360,389
2879,13,19,425,420
2880,17,25,283,260
2881,17,25,283,260
2882,17,25,283,260
2883,16,23,197,230
2884,17,25,251,259
2885,16,23,197,230
2886,16,23,197,230
2887,16,25,300,310
2888,16,23,385,380
2889,15,21,470,424
2890,15,21,510,461
2891,23,29,158,141
2892,23,28,172,165
2893,23,28,172,165
2894,23,29,158,141
2895,23,28,172,165
2896,23,28,172,165
2897,23,28,172,165
2898,23,28,172,165
2899,21,27,189,133
2900,20,26,217,155
2901,20,26,218,156
2902,21,27,189,133
2903,20,26,218,156
2904,22,33,169,160
2905,22,33,169,160
2906,22,33,169,160
2907,17,26,252,251
2908,22,33,169,160
2909,17,26,252,251
2910,17,27,276,258
2911,27,35,121,114
2912,25,30,121,114
2913,26,32,181,177
2914,25,32,181,177
2915,25,31,181,177
2916,23,30,181,177
2917,28,35,121,114
2918,25,30,121,114
2919,26,32,181,177
2920,25,32,181,177
2921,25,31,181,177
2922,23,30,181,177
2923,22,30,169,160
2924,22,30,170,158
2925,22,33,169,160
2926,22,33,169,160
2927,17,26,252,251
2928,22,33,169,160
2929,17,26,252,251
2930,20,26,240,170
2931,20,26,257,174
2932,20,26,240,170
2933,20,26,240,170
2934,21,27,257,174
2935,26,35,138,125
2936,25,35,138,125
2937,26,35,138,125
2938,25,35,138,125
2939,26,35,138,125
2940,25,35,138,125
2941,26,34,164,159
2942,13,20,405,339
2943,13,20,433,361
2944,12,19,405,339
2945,12,19,433,361
2946,12,20,433,361
2947,12,19,433,361
2948,12,20,400,339
2949,12,19,430,361
2950,12,19,440,361
2951,15,19,202,237
2952,15,19,202,237
2953,15,19,202,237
2954,15,19,202,237
2955,15,19,202,237
2956,15,19,202,237
2957,15,19,202,237
2958,15,19,202,237
2959,15,19,202,237
2960,15,19,202,237
2961,15,19,202,237
2962,15,19,202,237
2963,15,19,202,237
2964,15,19,202,237
2965,15,19,202,237
2966,15,19,202,237
2967,15,19,202,237
2968,15,19,202,237
2969,15,19,202,237
2970,15,19,202,237
2971,15,19,202,237
2972,15,19,202,237
2973,15,19,202,237
2974,15,19,202,237
2975,15,19,202,237
2976,15,19,205,240
2977,15,19,205,240
2978,15,19,205,240
2979,15,19,205,240
2980,15,19,205,240
2981,15,19,205,240
2982,15,20,205,240
2983,15,19,205,240
2984,15,19,205,240
2985,15,20,205,240
2986,15,19,205,240
2987,15,19,205,240
2988,15,19,205,240
2989,15,19,205,240
2990,15,19,205,240
2991,18,25,185,190
2992,18,24,185,190
2993,17,23,185,190
2994,17,23,242,242
2995,17,23,242,242
2996,12,20,400,339
2997,12,19,425,361
2998,12,19,433,361
2999,15,20,250,247
3000,15,20,250,247
3001,15,20,250,247
3002,15,20,250,247
3003,15,20,250,247
3004,15,20,250,247
3005,29,37,121,114
3006,28,36,121,114
3007,27,35,181,177
3008,26,34,181,177
3009,25,33,208,192
3010,12,17,224,275
3011,12,17,224,275
3012,21,28,171,171
3013,20,26,171,171
3014,14,19,240,223
3015,18,23,240,223
3016,21,28,171,171
3017,20,26,171,171
3018,14,19,240,223
3019,13,17,240,223
3020,17,24,175,205
3021,17,25,251,259
3022,11,17,500,383
3023,11,17,500,383
3024,17,24,260,225
3025,17,24,260,225
3026,25,35,178,170
3027,25,35,178,170
3028,25,35,178,170
3029,21,30,268,248
3030,25,35,178,170
3031,21,30,268,248
3032,19,25,240,221
3033,19,26,300,300
3034,17,20,260,271
3035,15,18,260,271
3036,17,20,260,271
3037,26,35,138,125
3038,25,35,138,125
3039,26,35,138,125
3040,29,40,138,148
3041,25,35,138,125
3042,26,35,138,125
3043,29,40,138,148
3044,25,35,138,125
3045,15,21,260,225
3046,19,26,265,425
3047,14,19,350,350
3048,15,21,320,335
3049,11,16,320,335
3050,11,16,320,335
3051,15,21,320,335
3052,15,21,320,335
3053,15,21,320,335
3054,19,26,265,425
3055,14,20,400,450
3056,16,23,300,300
3057,16,23,300,300
3058,16,23,300,300
3059,10,16,352,382
3060,10,15,352,382
3061,10,16,352,382
3062,10,15,352,382
3063,15,21,320,335
3064,15,21,320,335
3065,15,21,320,335
3066,18,25,185,190
3067,18,25,185,190
3068,18,24,185,190
3069,17,23,185,190
3070,17,23,242,242
3071,17,23,242,242
3072,18,25,185,190
3073,18,25,185,190
3074,18,24,185,190
3075,17,23,185,190
3076,17,23,242,242
3077,17,23,242,242
3078,20,26,170,170
3079,20,27,170,170
3080,17,23,305,290
3081,20,27,170,170
3082,20,26,170,170
3083,19,25,265,244
3084,18,25,185,190
3085,18,25,185,190
3086,18,24,185,190
3087,17,23,185,190
3088,17,23,242,242
3089,15,20,300,320
3090,17,23,242,242
3091,14,19,300,320
3092,19,24,224,226
3093,20,26,170,170
3094,17,23,305,290
3095,20,26,170,170
3096,20,27,170,170
3097,20,27,170,170
3098,17,23,305,290
3099,18,25,265,244
3100,17,23,242,242
3101,17,23,242,242
3102,15,20,300,320
3103,14,19,300,320
3104,18,25,185,190
3105,17,23,242,242
3106,15,20,300,320
3107,16,21,242,242
3108,14,19,300,320
3109,17,23,242,242
3110,16,21,242,242
3111,15,20,300,320
3112,14,19,300,320
3113,14,20,215,235
3114,9,13,310,330
3115,14,20,390,407
3116,13,18,310,330
3117,13,19,390,407
3118,14,19,310,330
3119,13,18,310,330
3120,14,20,390,407
3121,13,19,390,407
3122,14,20,215,235
3123,9,13,310,330
3124,14,20,390,407
3125,13,18,310,330
3126,13,19,390,407
3127,14,19,310,330
3128,14,20,390,407
3129,9,12,310,330
3130,13,19,390,407
3131,14,20,390,407
3132,13,19,390,407
3133,9,13,310,330
3134,13,19,390,407
3135,14,19,310,330
3136,14,20,390,407
3137,9,12,310,330
3138,13,19,390,407
3139,14,19,310,330
3140,14,20,390,407
3141,9,12,310,330
3142,13,19,390,407
3143,14,20,390,407
3144,13,19,390,407
3145,14,20,390,407
3146,13,19,390,407
3147,14,20,390,407
3148,13,19,390,407
3149,15,20,195,260
3150,14,19,302,305
3151,11,16,315,335
3152,14,18,195,260
3153,10,13,302,305
3154,11,16,315,335
3155,14,19,302,305
3156,11,16,315,335
3157,13,18,302,305
3158,11,16,315,335
3159,14,20,390,407
3160,13,19,390,407
3161,15,21,320,335
3162,11,16,320,335
3163,11,16,320,335
3164,11,16,320,335
3165,15,21,320,335
3166,15,21,320,335
3167,13,18,400,450
3168,15,21,300,300
3169,15,21,320,335
3170,15,21,320,335
3171,15,21,320,335
3172,15,21,320,335
3173,15,21,320,335
3174,15,21,320,335
3175,16,23,300,300
3176,14,20,400,450
3177,20,23,332,367
3178,20,23,332,367
3179,21,22,332,367
3180,21,22,332,367
3181,18,28,255,220
3182,18,25,300,300
3183,17,24,281,266
3184,16,23,281,266
3185,17,24,281,266
3186,16,23,281,266
3187,17,24,281,266
3188,16,23,281,266
3189,17,24,288,270
3190,16,23,288,270
3191,18,28,255,220
3192,19,26,300,300
3193,18,28,255,220
3194,13,18,403,417
3195,9,13,403,417
3196,13,18,403,417
3197,13,20,403,417
3198,10,15,403,417
3199,10,15,403,417
3200,18,25,265,223
3201,15,22,300,295
3202,18,25,265,223
3203,17,23,265,223
3204,17,23,265,223
3205,15,20,195,260
3206,10,14,302,305
3207,15,21,315,335
3208,14,18,195,260
3209,13,18,302,305
3210,11,16,315,335
3211,14,19,302,305
3212,15,21,315,335
3213,13,18,302,305
3214,11,16,315,335
3215,13,19,470,443
3216,11,17,510,420
3217,11,17,510,420
3218,13,21,220,258
3219,20,33,220,258
3220,17,27,300,295
3221,17,27,300,295
3222,20,33,220,258
3223,18,28,220,258
3224,16,27,300,295
3225,21,28,171,171
3226,20,26,171,171
3227,14,19,240,223
3228,13,17,240,223
3229,21,28,171,171
3230,20,26,171,171
3231,19,25,240,223
3232,13,17,240,223
3233,17,24,281,266
3234,16,23,281,266
3235,17,24,281,266
3236,16,23,281,266
3237,17,24,281,266
3238,16,23,281,266
3239,17,24,288,270
3240,16,23,288,270
3241,17,24,281,266
3242,16,23,281,266
3243,17,24,281,266
3244,16,23,281,266
3245,17,24,281,266
3246,16,23,281,266
3247,17,24,288,270
3248,16,23,288,270
3249,22,29,175,172
3250,23,33,175,172
3251,23,33,175,172
3252,14,21,240,223
3253,13,19,240,223
3254,22,29,175,172
3255,22,31,175,172
3256,22,31,175,172
3257,19,27,240,223
3258,18,25,240,223
3259,18,25,303,274
3260,17,24,342,339
3261,19,26,303,274
3262,13,19,420,346
3263,13,19,420,346
3264,12,19,420,346
3265,13,19,420,346
3266,13,19,420,346
3267,12,19,420,346
3268,15,20,195,260
3269,10,14,302,305
3270,11,16,315,335
3271,13,18,302,305
3272,11,16,315,335
3273,14,19,302,305
3274,13,18,302,305
3275,10,14,302,305
3276,11,16,315,335
3277,13,18,403,417
3278,10,13,302,305
3279,15,21,315,335
3280,9,13,403,417
3281,11,16,315,335
3282,9,13,403,417
3283,11,16,315,335
3284,12,18,403,417
3285,15,21,320,335
3286,15,21,320,335
3287,15,21,320,335
3288,15,21,320,335
3289,15,21,320,335
3290,15,21,320,335
3291,11,16,320,335
3292,15,21,320,335
3293,15,21,320,335
3294,15,21,320,335
3295,11,16,320,335
3296,11,16,320,335
3297,20,26,170,170
3298,20,27,170,170
3299,11,16,315,335
3300,11,16,315,335
3301,11,16,315,335
3302,11,16,315,335
3303,11,16,315,335
3304,11,16,315,335
3305,20,26,170,170
3306,20,27,170,170
3307,18,25,256,247
3308,18,25,265,258
3309,19,27,170,170
3310,19,27,170,170
3311,10,14,302,305
3312,15,21,315,335
3313,10,13,302,305
3314,11,16,315,335
3315,14,19,302,305
3316,10,13,302,305
3317,10,14,302,305
3318,11,16,315,335
3319,13,18,403,417
3320,10,13,302,305
3321,15,21,315,335
3322,12,18,403,417
3323,15,22,315,335
3324,15,21,315,335
3325,9,13,403,417
3326,11,16,315,335
3327,12,18,403,417
3328,9,13,403,417
3329,12,18,403,417
3330,15,20,195,260
3331,10,14,302,305
3332,11,16,315,335
3333,14,18,195,260
3334,13,18,302,305
3335,15,21,315,335
3336,10,14,302,305
3337,15,21,315,335
3338,10,13,302,305
3339,15,21,315,335
3340,14,20,215,235
3341,9,13,310,330
3342,14,20,390,407
3343,13,18,310,330
3344,13,18,390,407
3345,14,19,310,330
3346,9,12,310,330
3347,14,20,215,235
3348,14,19,310,330
3349,14,20,390,407
3350,9,12,310,330
3351,13,18,390,407
3352,9,13,310,330
3353,14,20,390,407
3354,9,12,310,330
3355,13,18,390,407
3356,14,20,390,407
3357,13,18,390,407
3358,9,13,310,330
3359,14,20,390,407
3360,9,12,310,330
3361,13,18,390,407
3362,9,13,310,330
3363,14,20,390,407
3364,13,18,390,407
3365,14,20,390,407
3366,13,18,390,407
3367,9,12,310,330
3368,18,26,204,185
3369,21,29,204,185
3370,20,26,204,185
3371,18,25,306,277
3372,18,25,306,277
3373,14,20,390,407
3374,13,18,390,407
3375,21,25,159,180
3376,19,25,159,180
3377,18,20,159,180
3378,18,21,159,180
3379,21,25,159,180
3380,19,25,159,180
3381,19,25,159,180
3382,17,21,236,266
3383,18,20,159,180
3384,18,21,159,180
3385,14,18,236,266
3386,16,20,236,266
3387,19,25,159,180
3388,19,25,159,180
3389,17,21,236,266
3390,17,21,236,266
3391,14,18,236,266
3392,16,20,236,266
3393,16,20,236,266
3394,15,19,236,266
3395,19,27,204,185
3396,21,30,204,185
3397,20,27,204,185
3398,20,27,306,277
3399,20,26,159,180
3400,19,25,159,180
3401,17,22,159,180
3402,20,26,159,180
3403,20,26,159,180
3404,19,25,159,180
3405,20,26,159,180
3406,15,18,236,266
3407,17,21,236,266
3408,17,22,159,180
3409,14,18,236,266
3410,16,20,236,266
3411,14,18,236,266
3412,16,20,236,266
3413,16,20,236,266
3414,17,21,236,266
3415,17,21,236,266
3416,15,18,236,266
3417,15,21,315,335
3418,14,18,195,260
3419,13,18,302,305
3420,15,21,315,335
3421,10,14,302,305
3422,15,21,315,335
3423,10,13,302,305
3424,15,21,315,335
3425,18,25,185,190
3426,17,23,242,242
3427,18,25,185,190
3428,17,23,242,242
3429,18,24,185,190
3430,17,23,185,190
3431,17,23,242,242
3432,17,23,185,190
3433,17,23,242,242
3434,17,23,242,242
3435,17,23,242,242
3436,14,20,300,320
3437,14,20,300,320
3438,16,21,242,242
3439,16,21,242,242
3440,14,19,300,320
3441,15,20,195,260
3442,10,14,302,305
3443,11,16,315,335
3444,10,13,302,305
3445,15,21,315,335
3446,14,19,302,305
3447,10,13,302,305
3448,14,19,302,305
3449,15,21,315,335
3450,13,19,403,417
3451,13,18,302,305
3452,11,16,315,335
3453,12,19,403,417
3454,11,16,315,335
3455,10,14,403,417
3456,11,16,315,335
3457,14,19,302,305
3458,18,25,185,190
3459,17,23,242,242
3460,18,25,185,190
3461,17,23,242,242
3462,17,23,242,242
3463,14,20,300,320
3464,14,20,300,320
3465,18,24,185,190
3466,17,23,185,190
3467,17,23,242,242
3468,17,23,185,190
3469,17,23,242,242
3470,17,23,242,242
3471,14,19,300,320
3472,11,16,315,335
3473,15,21,315,335
3474,11,16,315,335
3475,15,21,315,335
3476,11,16,315,335
3477,11,16,315,335
3478,18,25,185,190
3479,17,23,242,242
3480,18,25,185,190
3481,18,25,185,190
3482,17,23,242,242
3483,18,24,185,190
3484,17,23,185,190
3485,17,23,242,242
3486,18,24,185,190
3487,17,23,185,190
3488,17,23,242,242
3489,17,23,242,242
3490,14,20,300,320
3491,17,23,242,242
3492,14,20,300,320
3493,14,20,300,320
3494,16,21,242,242
3495,14,19,300,320
3496,16,21,242,242
3497,14,19,300,320
3498,18,25,185,190
3499,17,23,242,242
3500,18,25,185,190
3501,18,25,185,190
3502,17,23,242,242
3503,14,20,300,320
3504,17,23,242,242
3505,14,20,300,320
3506,14,20,300,320
3507,18,24,185,190
3508,17,23,185,190
3509,17,23,242,242
3510,18,24,185,190
3511,17,23,185,190
3512,17,23,242,242
3513,14,19,300,320
3514,17,23,242,242
3515,14,19,300,320
3516,10,14,302,305
3517,15,21,315,335
3518,10,13,302,305
3519,11,16,315,335
3520,14,19,302,305
3521,13,18,302,305
3522,14,19,302,305
3523,15,21,315,335
3524,10,14,403,417
3525,10,13,302,305
3526,11,16,315,335
3527,9,13,403,417
3528,11,16,315,335
3529,15,21,315,335
3530,10,14,403,417
3531,11,16,315,335
3532,12,19,403,417
3533,10,14,403,417
3534,9,13,403,417
3535,22,28,158,162
3536,22,28,158,162
3537,22,28,158,162
3538,22,28,158,162
3539,22,28,158,162
3540,22,28,158,162
3541,22,28,158,162
3542,22,28,158,162
3543,22,28,158,162
3544,22,28,158,162
3545,27,33,128,125
3546,27,33,128,125
3547,27,33,128,125
3548,27,33,128,125
3549,13,18,490,420
3550,27,33,128,125
3551,27,33,128,125
3552,13,18,490,420
3553,16,20,236,266
3554,15,20,310,327
3555,13,17,381,401
3556,13,17,381,401
3557,16,20,236,266
3558,14,18,381,401
3559,13,17,381,401
3560,13,17,381,401
3561,16,20,236,266
3562,15,20,310,327
3563,14,19,310,327
3564,14,18,381,401
3565,13,17,381,401
3566,13,17,381,401
3567,14,18,381,401
3568,13,17,381,401
3569,15,20,310,327
3570,14,19,310,327
3571,13,17,381,401
3572,13,17,381,401
3573,15,20,310,327
3574,14,19,310,327
3575,14,18,381,401
3576,13,17,381,401
3577,13,17,381,401
3578,14,18,381,401
3579,18,26,204,185
3580,18,25,306,277
3581,21,29,204,185
3582,19,27,204,185
3583,21,30,204,185
3584,20,27,306,277
3585,16,23,385,380
3586,15,22,385,380
3587,15,21,470,424
3588,15,21,470,424
3589,15,21,510,461
3590,15,21,510,461
3591,13,17,381,401
3592,13,17,381,401
3593,19,27,170,170
3594,18,25,265,258
3595,18,25,256,247
3596,19,27,170,170
3597,13,18,490,420
3598,13,18,490,420
3599,15,20,261,281
3600,14,19,261,281
3601,14,19,261,281
3602,19,23,152,171
3603,17,22,152,171
3604,15,20,261,281
3605,18,25,185,190
3606,17,23,242,242
3607,18,25,185,190
3608,18,25,185,190
3609,17,23,242,242
3610,18,24,185,190
3611,17,23,185,190
3612,17,23,242,242
3613,18,24,185,190
3614,17,23,185,190
3615,17,23,242,242
3616,17,23,242,242
3617,15,20,300,320
3618,17,23,242,242
3619,15,20,300,320
3620,15,20,300,320
3621,16,21,242,242
3622,14,19,300,320
3623,16,21,242,242
3624,14,19,300,320
3625,17,24,185,190
3626,17,23,242,242
3627,20,26,185,190
3628,17,24,185,190
3629,17,23,242,242
3630,15,20,300,320
3631,17,23,242,242
3632,15,20,300,320
3633,15,20,300,320
3634,18,24,185,190
3635,16,23,185,190
3636,16,22,242,242
3637,18,24,185,190
3638,16,23,185,190
3639,16,22,242,242
3640,17,24,185,190
3641,16,22,242,242
3642,14,19,300,320
3643,19,23,152,171
3644,19,27,170,170
3645,18,25,256,247
3646,19,27,170,170
3647,19,23,152,171
3648,15,20,261,281
3649,14,19,261,281
3650,16,20,261,281
3651,15,20,261,281
3652,15,20,261,281
3653,15,20,261,281
3654,15,20,261,281
3655,14,19,261,281
3656,15,20,261,281
3657,14,19,261,281
3658,14,19,261,281
3659,15,20,261,281
3660,16,20,261,281
3661,14,19,261,281
3662,17,22,152,171
3663,15,20,261,281
3664,16,20,261,281
3665,14,19,261,281
3666,15,20,261,281
3667,15,20,261,281
3668,14,19,261,281
3669,15,20,261,281
3670,15,20,261,281
3671,17,22,152,171
3672,14,19,261,281
3673,15,20,261,281
3674,15,20,261,281
3675,15,20,261,281
3676,15,19,261,281
3677,15,19,261,281
3678,19,23,152,171
3679,19,23,152,171
3680,19,23,152,171
3681,15,20,261,281
3682,15,19,261,281
3683,18,25,256,247
3684,19,27,170,170
3685,19,27,170,170
3686,20,22,332,367
3687,20,23,332,367
3688,20,23,332,367
3689,20,23,332,367
3690,21,22,332,367
3691,21,22,332,367
3692,21,22,332,367
3693,21,22,332,367
3694,21,22,332,367
3695,21,22,332,367
3696,20,20,332,367
3697,20,20,332,367
3698,18,24,230,213
3699,22,27,143,154
3700,18,24,210,400
3701,22,27,143,154
3702,19,24,143,154
3703,22,27,143,154
3704,18,24,210,400
3705,22,27,143,154
3706,19,24,143,154
3707,16,21,207,238
3708,15,20,207,238
3709,22,27,143,154
3710,19,24,143,154
3711,15,19,207,238
3712,14,18,207,238
3713,16,21,207,238
3714,15,20,207,238
3715,16,21,207,238
3716,15,20,207,238
3717,15,19,207,238
3718,14,18,207,238
3719,14,19,302,305
3720,15,21,315,338
3721,10,14,302,305
3722,11,16,315,338
3723,14,18,195,260
3724,10,13,302,305
3725,15,21,315,338
3726,13,18,302,305
3727,11,16,315,338
3728,15,20,195,260
3729,10,14,302,305
3730,11,16,315,338
3731,14,19,302,305
3732,15,21,315,338
3733,14,18,195,260
3734,13,18,302,305
3735,11,16,315,338
3736,10,13,302,305
3737,11,16,315,338
3738,16,23,416,371
3739,16,23,416,371
3740,15,20,261,281
3741,15,20,261,281
3742,17,22,152,171
3743,15,19,261,281
3744,19,23,152,171
3745,14,19,261,281
3746,15,20,261,281
3747,16,20,261,281
3748,19,23,152,171
3749,14,19,261,281
3750,14,19,261,281
3751,15,19,261,281
3752,17,22,152,171
3753,20,32,220,258
3754,12,18,383,403
3755,12,18,383,403
3756,22,27,143,154
3757,19,24,143,154
3758,22,27,143,154
3759,19,24,143,154
3760,22,27,143,154
3761,19,24,143,154
3762,22,27,143,154
3763,19,24,143,154
3764,15,21,207,238
3765,16,21,207,238
3766,15,21,207,238
3767,16,21,207,238
3768,15,19,207,238
3769,14,18,207,238
3770,15,21,207,238
3771,16,21,207,238
3772,15,21,207,238
3773,16,21,207,238
3774,15,19,207,238
3775,14,18,207,238
3776,13,16,225,286
3777,12,16,255,350
3778,9,12,225,286
3779,12,16,255,350
3780,9,12,225,286
3781,9,12,255,350
3782,13,16,225,286
3783,12,15,255,350
3784,9,12,225,286
3785,9,12,255,350
3786,17,24,288,270
3787,17,24,288,270
3788,16,22,288,270
3789,16,22,288,270
3790,16,22,288,270
3791,17,24,288,270
3792,17,24,288,270
3793,16,22,288,270
3794,9,11,255,350
3795,10,13,305,420
3796,11,15,255,350
3797,10,13,305,420
3798,11,15,255,350
3799,10,13,305,420
3800,11,15,255,350
3801,10,13,305,420
3802,11,15,255,350
3803,10,13,305,420
3804,11,15,255,350
3805,10,13,305,420
3806,11,15,255,350
3807,10,13,305,420
3808,9,11,255,350
3809,10,13,305,420
3810,25,36,182,172
3811,25,36,182,172
3812,17,27,303,264
3813,12,18,303,264
3814,17,27,303,264
3815,25,36,182,172
3816,17,27,303,264
3817,25,36,182,172
3818,17,27,303,264
3819,13,19,303,264
3820,16,26,303,264
3821,12,18,303,264
3822,13,19,303,264
3823,15,20,210,235
3824,14,18,210,235
3825,15,20,210,235
3826,9,13,302,329
3827,14,18,210,235
3828,9,13,302,329
3829,15,20,210,235
3830,9,13,302,329
3831,14,18,210,235
3832,14,19,302,329
3833,15,20,210,235
3834,14,19,302,329
3835,14,18,210,235
3836,9,13,302,329
3837,16,20,261,281
3838,15,20,261,281
3839,16,20,261,281
3840,15,20,261,281
3841,15,19,261,281
3842,14,19,261,281
3843,15,19,261,281
3844,14,19,261,281
3845,15,20,261,281
3846,14,19,261,281
3847,15,20,261,281
3848,15,20,261,281
3849,14,19,261,281
3850,14,19,261,281
3851,18,29,220,258
3852,15,22,182,172
3853,18,29,220,258
3854,20,32,220,258
3855,19,31,182,172
3856,20,32,220,258
3857,15,22,182,172
3858,18,29,220,258
3859,20,32,220,258
3860,19,27,270,295
3861,19,25,265,244
3862,17,23,305,290
3863,19,25,265,244
3864,13,17,225,286
3865,9,12,255,350
3866,9,12,225,286
3867,12,16,255,350
3868,13,17,225,286
3869,9,12,255,350
3870,15,19,236,266
3871,15,20,310,327
3872,14,19,310,327
3873,14,18,381,401
3874,13,17,381,401
3875,13,17,381,401
3876,15,19,236,266
3877,15,20,310,327
3878,14,19,310,327
3879,14,18,381,401
3880,13,17,381,401
3881,13,17,381,401
3882,15,19,236,266
3883,15,20,310,327
3884,14,19,310,327
3885,14,18,381,401
3886,13,17,381,401
3887,13,17,381,401
3888,15,20,310,327
3889,14,19,310,327
3890,14,18,381,401
3891,13,17,381,401
3892,10,13,381,401
3893,15,20,310,327
3894,14,19,310,327
3895,14,18,381,401
3896,13,17,381,401
3897,10,13,381,401
3898,15,20,310,327
3899,14,19,310,327
3900,14,18,381,401
3901,13,17,381,401
3902,10,13,381,401
3903,15,20,310,327
3904,14,19,310,327
3905,14,18,381,401
3906,13,17,381,401
3907,13,17,381,401
3908,13,17,225,286
3909,9,12,255,350
3910,10,12,225,286
3911,9,12,255,350
3912,13,17,225,286
3913,9,12,255,350
3914,18,25,265,244
3915,18,25,265,244
3916,13,18,317,385
3917,12,17,317,385
3918,13,18,317,385
3919,12,17,317,385
3920,12,17,317,385
3921,13,18,317,385
3922,12,17,317,385
3923,13,18,317,385
3924,13,18,317,385
3925,12,17,317,385
3926,12,17,317,385
3927,12,17,317,385
3928,13,18,317,385
3929,12,17,317,385
3930,13,18,317,385
3931,12,17,317,385
3932,15,20,210,235
3933,14,18,210,235
3934,15,20,210,235
3935,14,19,302,329
3936,14,18,210,235
3937,14,14,302,329
3938,15,20,210,235
3939,14,19,302,329
3940,14,18,210,235
3941,9,12,302,329
3942,15,20,210,235
3943,14,19,302,329
3944,14,18,210,235
3945,14,19,302,329
3946,19,25,265,244
3947,19,25,265,244
3948,18,25,265,244
3949,18,25,265,244
3950,15,21,315,338
3951,14,19,302,305
3952,10,14,302,305
3953,13,18,403,417
3954,11,16,315,338
3955,11,16,315,338
3956,9,13,403,417
3957,13,18,302,305
3958,15,21,315,338
3959,13,18,302,305
3960,10,13,302,305
3961,12,18,403,417
3962,15,21,315,338
3963,9,13,403,417
3964,18,25,256,247
3965,18,25,256,247
3966,10,14,302,305
3967,11,16,315,338
3968,14,19,302,305
3969,10,14,302,305
3970,9,13,403,417
3971,15,21,315,338
3972,9,13,403,417
3973,10,13,302,305
3974,11,16,315,338
3975,10,13,302,305
3976,10,13,302,305
3977,9,13,403,417
3978,15,21,315,338
3979,12,18,403,417
3980,11,16,315,338
3981,15,21,315,338
3982,15,21,315,338
3983,11,16,315,338
3984,15,21,315,338
3985,15,21,315,338
3986,13,18,317,385
3987,9,13,317,385
3988,9,13,317,385
3989,13,18,317,385
3990,12,17,317,385
3991,13,18,317,385
3992,13,18,317,385
3993,12,17,317,385
3994,12,17,317,385
3995,12,17,317,385
3996,13,18,317,385
3997,12,17,317,385
3998,14,19,302,305
3999,11,16,315,335
4000,10,14,302,305
4001,11,16,315,335
4002,14,18,195,260
4003,13,18,302,305
4004,11,16,315,335
4005,10,13,302,305
4006,11,16,315,335
4007,15,20,195,260
4008,14,19,302,305
4009,11,16,315,335
4010,14,19,302,305
4011,11,16,315,335
4012,14,18,195,260
4013,10,13,302,305
4014,15,21,315,335
4015,10,13,302,305
4016,11,16,315,335
4017,13,17,225,286
4018,12,16,255,350
4019,13,17,225,286
4020,12,16,255,350
4021,9,12,225,286
4022,12,16,255,350
4023,9,12,225,286
4024,12,16,255,350
4025,11,16,315,335
4026,14,19,302,305
4027,14,19,302,305
4028,15,21,315,335
4029,13,19,403,417
4030,15,22,315,335
4031,15,21,315,335
4032,13,19,403,417
4033,10,13,302,305
4034,15,21,315,335
4035,10,13,302,305
4036,10,13,302,305
4037,15,21,315,335
4038,12,19,403,417
4039,11,16,315,335
4040,12,19,403,417
4041,13,17,225,286
4042,9,12,255,350
4043,13,17,225,286
4044,9,12,255,350
4045,13,17,225,286
4046,9,12,255,350
4047,10,12,225,286
4048,9,12,255,350
4049,10,14,302,305
4050,11,16,315,335
4051,14,19,302,305
4052,14,19,302,305
4053,11,16,315,335
4054,13,19,403,417
4055,15,21,315,335
4056,13,19,403,417
4057,10,13,302,305
4058,15,21,315,335
4059,13,18,302,305
4060,10,13,302,305
4061,15,21,315,335
4062,9,13,403,417
4063,15,21,315,335
4064,12,19,403,417
4065,11,16,315,335
4066,15,21,315,335
4067,15,21,315,335
4068,15,21,315,335
4069,11,16,315,335
4070,15,21,315,335
4071,12,16,255,350
4072,10,14,305,420
4073,9,12,255,350
4074,10,14,305,420
4075,12,16,255,350
4076,10,14,305,420
4077,12,16,255,350
4078,10,14,305,420
4079,12,15,255,350
4080,10,14,305,420
4081,9,12,255,350
4082,10,14,305,420
4083,9,12,255,350
4084,10,14,305,420
4085,9,12,255,350
4086,10,14,305,420
4087,13,18,317,385
4088,13,18,317,385
4089,12,17,317,385
4090,12,17,317,385
4091,13,18,317,385
4092,9,13,317,385
4093,12,17,317,385
4094,9,12,317,385
4095,12,17,317,385
4096,12,17,317,385
4097,13,18,317,385
4098,9,13,317,385
4099,12,17,317,385
4100,12,17,317,385
4101,13,18,317,385
4102,13,18,317,385
4103,13,18,317,385
4104,9,13,317,385
4105,12,17,317,385
4106,9,12,317,385
4107,12,17,317,385
4108,9,12,317,385
4109,12,17,317,385
4110,12,17,317,385
4111,9,12,317,385
4112,9,13,317,385
4113,12,17,317,385
4114,12,17,317,385
4115,18,25,265,258
4116,18,25,256,247
4117,18,25,256,247
4118,18,25,256,247
4119,18,25,256,247
4120,18,25,256,247
4121,18,25,256,247
4122,13,18,317,385
4123,12,17,317,385
4124,13,18,317,385
4125,12,17,317,385
4126,12,17,317,385
4127,13,18,317,385
4128,12,17,317,385
4129,13,18,317,385
4130,13,18,317,385
4131,12,17,317,385
4132,12,17,317,385
4133,12,17,317,385
4134,13,18,317,385
4135,12,17,317,385
4136,14,20,210,235
4137,13,19,390,407
4138,14,20,390,407
4139,9,13,310,330
4140,14,20,390,407
4141,8,12,310,330
4142,13,19,390,407
4143,13,19,390,407
4144,13,18,310,330
4145,13,19,390,407
4146,14,20,390,407
4147,14,19,310,330
4148,14,20,390,407
4149,9,13,310,330
4150,14,20,390,407
4151,13,19,390,407
4152,13,18,310,330
4153,13,19,390,407
4154,13,18,310,330
4155,13,19,390,407
4156,14,20,390,407
4157,14,20,390,407
4158,9,13,310,330
4159,14,20,390,407
4160,13,19,390,407
4161,13,19,390,407
4162,13,18,310,330
4163,13,19,390,407
4164,13,18,310,330
4165,15,21,360,380
4166,16,22,365,420
4167,11,15,360,380
4168,16,22,365,420
4169,11,15,360,380
4170,16,22,365,420
4171,14,19,360,380
4172,15,21,365,420
4173,14,19,360,380
4174,15,21,365,420
4175,14,19,360,380
4176,15,21,365,420
4177,15,21,360,380
4178,16,22,365,420
4179,14,19,360,380
4180,15,21,365,420
4181,15,21,360,380
4182,16,22,365,420
4183,14,19,360,380
4184,15,21,365,420
4185,11,15,360,380
4186,10,14,360,380
4187,10,14,360,380
4188,15,21,365,420
4189,15,21,360,380
4190,16,22,365,420
4191,13,18,411,434
4192,10,14,360,380
4193,15,21,365,420
4194,12,16,411,434
4195,11,15,360,380
4196,11,15,360,380
4197,16,22,365,420
4198,15,21,365,420
4199,11,15,360,380
4200,16,22,365,420
4201,13,18,411,434
4202,10,14,360,380
4203,15,21,365,420
4204,12,16,411,434
4205,15,21,360,380
4206,16,22,365,420
4207,14,19,360,380
4208,15,21,365,420
4209,12,17,302,278
4210,15,21,360,380
4211,16,21,302,278
4212,10,14,360,380
4213,12,17,302,278
4214,15,21,360,380
4215,16,21,302,278
4216,10,14,360,380
4217,12,16,411,434
4218,12,16,411,434
4219,17,23,302,278
4220,15,21,360,380
4221,16,21,302,278
4222,10,14,360,380
4223,17,23,365,420
4224,15,21,360,380
4225,16,22,365,420
4226,16,21,302,278
4227,10,14,360,380
4228,15,21,365,420
4229,12,17,302,278
4230,15,21,360,380
4231,16,22,365,420
4232,16,21,302,278
4233,14,19,360,380
4234,12,17,302,278
4235,11,15,360,380
4236,15,21,360,380
4237,16,22,365,420
4238,16,21,302,278
4239,10,14,360,380
4240,15,21,365,420
4241,12,17,302,278
4242,17,23,302,278
4243,10,14,360,380
4244,15,21,365,420
4245,15,21,360,380
4246,14,19,360,380
4247,17,23,302,278
4248,11,15,360,380
4249,16,21,302,278
4250,10,14,360,380
4251,12,17,302,278
4252,11,15,360,380
4253,16,22,365,420
4254,14,19,360,380
4255,10,14,360,380
4256,15,21,365,420
4257,12,17,302,278
4258,11,15,360,380
4259,16,22,365,420
4260,16,21,302,278
4261,10,14,360,380
4262,15,21,365,420
4263,12,17,302,278
4264,15,21,360,380
4265,16,22,365,420
4266,14,19,360,380
4267,15,21,365,420
4268,17,23,302,278
4269,11,15,360,380
4270,16,22,365,420
4271,10,14,360,380
4272,15,21,365,420
4273,15,21,360,380
4274,16,22,365,420
4275,14,19,360,380
4276,15,21,365,420
4277,13,18,411,434
4278,12,16,411,434
4279,13,18,411,434
4280,14,18,310,365
4281,10,13,310,365
4282,10,13,310,365
4283,10,14,310,365
4284,14,18,310,365
4285,10,14,310,365
4286,10,13,310,365
4287,14,20,310,365
4288,10,13,310,365
4289,15,19,248,294
4290,14,18,248,294
4291,14,20,292,320
4292,15,19,248,294
4293,15,21,292,320
4294,14,18,248,294
4295,14,20,292,320
4296,14,18,310,365
4297,15,19,248,294
4298,14,18,248,294
4299,15,19,248,294
4300,15,21,292,320
4301,10,14,310,365
4302,14,18,248,294
4303,14,20,292,320
4304,14,18,310,365
4305,15,19,248,294
4306,15,21,292,320
4307,14,20,310,365
4308,14,18,248,294
4309,14,20,292,320
4310,10,13,310,365
4311,15,19,248,294
4312,15,21,292,320
4313,14,18,248,294
4314,15,19,248,294
4315,14,20,292,320
4316,14,18,310,365
4317,15,19,248,294
4318,15,21,292,320
4319,14,20,292,320
4320,15,19,248,294
4321,15,21,292,320
4322,14,20,292,320
4323,15,19,248,294
4324,14,18,248,294
4325,14,18,310,365
4326,10,13,310,365
4327,15,19,248,294
4328,15,21,292,320
4329,14,20,310,365
4330,14,18,248,294
4331,14,20,292,320
4332,14,18,310,365
4333,15,21,292,320
4334,14,20,292,320
4335,15,19,248,294
4336,10,13,310,365
4337,15,21,292,320
4338,14,20,310,365
4339,14,20,292,320
4340,14,18,310,365
4341,15,21,292,320
4342,10,14,310,365
4343,14,20,292,320
4344,10,13,310,365
4345,15,21,292,320
4346,10,14,310,365
4347,14,20,292,320
4348,14,18,310,365
4349,20,23,332,367
4350,20,23,332,367
4351,20,23,332,367
4352,20,23,332,367
4353,21,22,332,367
4354,21,22,332,367
4355,21,22,332,367
4356,21,22,332,367
4357,12,16,411,434
4358,11,17,470,443
4359,22,32,240,230
4360,19,29,300,300
4361,16,24,400,450
4362,18,26,228,221
4363,18,26,228,221
4364,14,20,215,235
4365,9,13,310,330
4366,14,20,390,407
4367,13,18,310,330
4368,13,19,390,407
4369,9,13,310,330
4370,14,20,390,407
4371,13,18,310,330
4372,13,19,390,407
4373,14,20,310,330
4374,13,19,390,407
4375,13,18,310,330
4376,18,28,230,200
4377,18,27,230,200
4378,19,28,300,300
4379,18,28,230,200
4380,18,28,230,200
4381,20,28,300,300
4382,18,25,300,300
4383,17,26,230,200
4384,18,27,230,200
4385,17,25,230,200
4386,17,25,230,200
4387,26,36,160,146
4388,28,38,160,146
4389,27,37,160,146
4390,27,37,160,146
4391,18,25,332,270
4392,18,25,332,270
4393,18,25,332,270
4394,18,26,332,270
4395,18,26,332,270
4396,18,26,332,270
4397,19,26,332,270
4398,19,26,332,270
4399,25,31,188,177
4400,25,31,188,177
4401,28,40,138,123
4402,15,23,429,376
4403,15,23,429,376
4404,20,26,276,248
4405,20,26,276,248
4406,20,28,175,169
4407,20,26,276,248
4408,20,26,276,248
4409,20,26,276,248
4410,20,28,175,169
4411,20,26,276,248
4412,20,25,175,169
4413,10,14,310,365
4414,14,20,310,365
4415,14,20,310,365
4416,10,14,310,365
4417,14,20,310,365
4418,10,14,310,365
4419,10,14,310,365
4420,10,14,310,365
4421,9,13,310,365
4422,13,18,310,365
4423,9,13,310,365
4424,13,18,310,365
4425,9,13,310,365
4426,9,13,310,365
4427,9,13,310,365
4428,13,18,310,365
4429,16,22,261,281
4430,15,20,261,281
4431,16,22,261,281
4432,16,20,261,281
4433,15,20,261,281
4434,16,20,261,281
4435,15,20,261,281
4436,15,22,266,288
4437,14,20,266,288
4438,15,22,266,288
4439,14,20,266,288
4440,15,22,266,288
4441,14,20,266,288
4442,15,22,266,288
4443,14,20,266,288
4444,13,18,310,388
4445,17,22,260,257
4446,16,21,260,257
4447,16,21,260,257
4448,17,22,260,257
4449,20,29,218,187
4450,20,29,218,187
4451,19,27,218,187
4452,19,27,328,269
4453,18,25,328,269
4454,17,25,328,269
4455,19,27,330,270
4456,19,27,330,270
4457,18,25,330,270
4458,17,25,330,270
4459,21,29,227,236
4460,21,29,227,236
4461,22,28,172,165
4462,23,29,158,141
4463,13,19,317,385
4464,12,19,317,385
4465,12,18,317,385
4466,12,18,317,385
4467,13,19,317,385
4468,9,13,317,385
4469,12,18,317,385
4470,12,18,317,385
4471,13,19,317,385
4472,12,19,317,385
4473,12,18,317,385
4474,12,18,317,385
4475,21,30,204,185
4476,20,27,204,185
4477,19,28,204,185
4478,19,27,306,277
4479,18,26,306,277
4480,19,27,204,185
4481,19,28,204,185
4482,21,30,204,185
4483,16,23,416,371
4484,19,28,268,248
4485,16,24,380,367
4486,16,23,380,367
4487,16,24,380,367
4488,16,23,380,367
4489,19,24,187,186
4490,18,25,266,245
4491,19,24,187,186
4492,18,25,266,245
4493,17,23,266,245
4494,18,25,266,245
4495,18,25,266,245
4496,18,25,266,245
4497,17,23,266,245
4498,18,25,266,245
4499,18,25,266,245
4500,17,23,266,245
4501,21,29,211,258
4502,18,28,372,328
4503,18,28,372,328
4504,14,21,500,463
4505,18,25,360,343
4506,23,34,177,161
4507,23,34,177,161
4508,23,34,177,161
4509,23,34,177,161
4510,23,34,190,162
4511,23,34,190,162
4512,20,30,271,254
4513,23,34,190,162
4514,20,30,271,254
4515,23,32,190,162
4516,22,33,190,162
4517,18,24,270,248
4518,18,25,270,248
4519,23,32,190,162
4520,22,33,190,162
4521,22,33,190,162
4522,17,26,271,251
4523,19,29,271,254
4524,17,25,325,267
4525,16,24,325,267
4526,19,27,348,276
4527,17,25,348,276
4528,11,16,552,354
4529,17,24,297,253
4530,17,24,297,253
4531,17,24,297,253
4532,17,24,297,253
4533,16,23,303,262
4534,16,21,303,262
4535,14,20,390,369
4536,14,20,400,413
4537,14,20,400,413
4538,12,17,290,260
4539,12,17,290,260
4540,16,23,290,260
4541,14,20,360,390
4542,16,23,290,260
4543,13,20,360,390
4544,14,20,360,390
4545,13,20,360,390
4546,12,17,290,260
4547,14,20,360,390
4548,16,23,290,260
4549,13,20,360,390
4550,12,18,465,465
4551,17,23,290,260
4552,17,23,290,260
4553,13,17,290,260
4554,16,23,290,260
4555,16,23,290,260
4556,16,23,290,260
4557,17,23,290,260
4558,12,17,290,260
4559,17,23,270,278
4560,17,22,270,278
4561,17,22,270,278
4562,17,23,270,278
4563,17,22,270,278
4564,29,35,100,98
4565,29,35,100,98
4566,28,34,100,98
4567,28,34,100,98
4568,14,20,310,327
4569,13,18,381,401
4570,13,18,310,327
4571,13,17,381,401
4572,13,17,381,401
4573,13,18,381,401
4574,13,17,381,401
4575,13,17,381,401
4576,25,33,148,135
4577,25,33,148,135
4578,24,33,148,135
4579,27,39,155,148
4580,28,40,155,148
4581,28,40,155,148
4582,20,28,167,168
4583,22,29,167,168
4584,16,25,370,395
4585,15,23,370,395
4586,18,26,200,207
4587,22,27,200,207
4588,21,27,200,207
4589,22,27,200,207
4590,21,27,200,207
4591,22,27,200,207
4592,21,27,200,207
4593,18,27,305,268
4594,15,23,376,410
4595,16,25,376,410
4596,14,23,470,470
4597,14,23,470,470
4598,21,30,173,166
4599,20,31,173,166
4600,14,21,283,260
4601,14,21,283,260
4602,24,32,158,141
4603,24,32,158,141
4604,24,34,115,125
4605,23,29,115,125
4606,23,33,170,177
4607,24,31,170,177
4608,23,33,170,177
4609,24,31,170,177
4610,30,42,140,236
4611,22,33,200,207
4612,24,31,170,177
4613,23,33,170,177
4614,24,31,170,177
4615,24,31,170,177
4616,30,42,140,236
4617,21,31,200,207
4618,21,31,200,207
4619,17,25,280,265
4620,27,38,155,148
4621,28,39,155,148
4622,28,39,155,148
4623,20,28,167,168
4624,22,29,167,168
4625,18,25,263,280
4626,17,25,283,260
4627,12,18,283,260
4628,12,18,283,260
4629,12,18,283,260
4630,17,25,283,260
4631,22,28,167,158
4632,21,28,167,158
4633,21,28,167,158
4634,21,28,167,158
4635,21,28,167,158
4636,21,28,167,158
4637,19,26,173,166
4638,19,26,173,166
4639,13,18,283,260
4640,16,24,283,260
4641,13,18,283,260
4642,16,24,283,260
4643,17,25,283,260
4644,16,24,283,260
4645,17,24,273,270
4646,16,22,273,270
4647,17,24,273,270
4648,16,22,273,270
4649,17,24,273,270
4650,16,22,273,270
4651,25,34,156,144
4652,26,36,156,144
4653,26,36,156,144
4654,23,32,173,168
4655,24,33,156,144
4656,25,34,156,144
4657,22,32,173,168
4658,23,31,173,168
4659,26,36,156,144
4660,23,32,173,168
4661,28,39,140,128
4662,28,36,140,128
4663,28,36,140,128
4664,28,39,140,128
4665,24,35,200,186
4666,24,35,200,186
4667,24,35,200,186
4668,22,34,274,269
4669,22,34,274,269
4670,30,40,138,123
4671,30,40,138,123
4672,30,40,138,123
4673,30,40,138,123
4674,27,35,138,123
4675,27,35,138,123
4676,26,34,164,148
4677,26,34,164,148
4678,26,34,164,148
4679,22,32,170,177
4680,22,32,170,177
4681,22,31,170,177
4682,22,31,170,177
4683,22,31,170,177
4684,31,43,140,236
4685,16,23,280,265
4686,16,23,280,265
4687,16,23,280,265
4688,19,28,225,406
4689,19,28,225,406
4690,19,28,225,406
4691,20,24,380,425
4692,17,24,288,270
4693,17,24,288,270
4694,17,24,288,270
4695,17,24,288,270
4696,16,23,288,270
4697,16,23,288,270
4698,16,23,288,270
4699,16,23,288,270
4700,17,24,288,270
4701,16,23,288,270
4702,22,32,182,172
4703,20,29,182,172
4704,22,32,182,172
4705,20,29,182,172
4706,22,32,182,172
4707,20,29,182,172
4708,22,32,182,172
4709,20,29,182,172
4710,12,18,264,222
4711,12,17,264,222
4712,12,18,264,222
4713,16,23,264,222
4714,12,18,264,222
4715,12,17,264,222
4716,15,21,320,335
4717,15,21,320,335
4718,11,16,320,335
4719,11,16,320,335
4720,15,21,320,335
4721,15,21,320,335
4722,15,21,320,335
4723,15,21,320,335
4724,10,16,352,382
4725,10,15,352,382
4726,10,15,352,382
4727,28,39,140,128
4728,28,39,140,128
4729,22,31,201,170
4730,13,20,360,390
4731,29,41,140,128
4732,13,20,360,390
4733,20,23,332,367
4734,20,23,332,367
4735,12,17,290,260
4736,17,23,290,260
4737,13,20,360,390
4738,21,30,227,236
4739,21,30,227,236
4740,18,28,227,236
4741,10,13,310,334
4742,13,17,310,334
4743,13,17,310,334
4744,13,17,310,334
4745,11,17,280,295
4746,11,16,324,373
4747,8,12,280,295
4748,8,11,324,373
4749,8,12,280,295
4750,8,11,324,373
4751,8,12,280,295
4752,8,11,324,373
4753,28,36,140,128
4754,28,39,140,128
4755,28,36,140,128
4756,28,39,140,128
4757,28,36,140,128
4758,28,39,140,128
4759,28,39,140,128
4760,22,31,201,170
4761,23,33,170,177
4762,24,31,170,177
4763,30,42,140,236
4764,24,31,170,177
4765,30,42,140,236
4766,19,27,256,243
4767,23,28,172,165
4768,18,27,318,275
4769,18,27,318,275
4770,18,27,318,275
4771,18,27,318,275
4772,18,27,318,275
4773,18,27,318,275
4774,16,26,385,380
4775,16,26,385,380
4776,15,21,470,424
4777,15,21,470,424
4778,16,26,385,380
4779,15,22,385,380
4780,15,21,470,424
4781,15,21,470,424
4782,15,21,510,461
4783,15,21,510,461
4784,16,26,270,223
4785,18,27,270,223
4786,18,26,270,223
4787,16,26,270,223
4788,18,27,270,223
4789,18,27,318,275
4790,18,27,318,275
4791,18,27,318,275
4792,18,27,318,275
4793,18,26,270,223
4794,13,20,360,390
4795,15,22,550,502
4796,16,24,385,380
4797,15,22,510,461
4798,16,22,385,380
4799,15,22,510,461
4800,15,21,210,235
4801,15,21,210,235
4802,16,22,210,235
4803,15,21,210,235
4804,15,21,210,235
4805,16,22,210,235
4806,16,22,210,235
4807,18,27,270,223
4808,18,26,270,223
4809,18,27,270,223
4810,18,26,270,223
4811,18,26,318,275
4812,18,26,318,275
4813,18,26,318,275
4814,18,26,318,275
4815,18,27,271,254
4816,14,19,556,551
4817,12,18,556,551
4818,16,23,240,236
4819,16,23,240,236
4820,18,27,271,254
4821,18,24,240,236
4822,14,19,556,551
4823,12,18,556,551
4824,18,24,240,236
4825,18,26,271,254
4826,19,27,256,243
4827,17,25,283,260
4828,12,18,283,260
4829,17,25,283,260
4830,17,25,283,260
4831,21,31,200,207
4832,21,31,200,207
4833,14,20,360,390
4834,14,20,360,390
4835,14,20,360,390
4836,14,20,360,390
4837,21,29,227,236
4838,21,29,227,236
4839,21,29,227,236
4840,21,29,227,236
4841,21,30,227,236
4842,21,30,227,236
4843,21,30,227,236
4844,21,30,227,236
4845,18,28,227,236
4846,18,28,227,236
4847,19,25,240,236
4848,19,25,240,236
4849,19,25,240,236
4850,17,23,300,325
4851,17,23,300,325
4852,17,23,325,354
4853,17,23,325,354
4854,21,31,200,207
4855,21,31,200,207
4856,22,28,172,165
4857,23,28,172,165
4858,23,29,158,141
4859,23,28,172,165
4860,23,29,158,141
4861,22,31,170,177
4862,22,29,170,177
4863,21,30,200,207
4864,14,19,556,551
4865,12,18,556,551
4866,17,21,285,260
4867,17,21,285,260
4868,17,21,285,260
4869,17,21,285,260
4870,17,21,285,260
4871,17,21,285,260
4872,17,21,285,260
4873,17,21,285,260
4874,17,21,285,260
4875,17,21,285,260
4876,12,18,308,265
4877,17,24,308,265
4878,12,17,308,265
4879,17,24,308,265
4880,16,23,308,265
4881,12,18,308,265
4882,16,23,308,265
4883,15,20,195,260
4884,13,18,310,334
4885,13,17,310,334
4886,17,21,285,260
4887,17,21,285,260
4888,19,25,240,236
4889,17,23,300,325
4890,19,25,240,236
4891,19,25,240,236
4892,17,23,300,325
4893,18,28,230,200
4894,18,28,230,200
4895,17,25,230,200
4896,17,25,230,200
4897,19,28,300,300
4898,18,28,300,300
4899,18,26,320,332
4900,17,24,320,332
4901,19,27,300,300
4902,18,27,300,300
4903,14,20,414,295
4904,14,20,414,295
4905,16,23,240,236
4906,16,23,240,236
4907,16,23,240,236
4908,16,23,240,236
4909,18,24,240,236
4910,18,24,240,236
4911,18,24,240,236
4912,18,24,240,236
4913,18,24,240,236
4914,18,24,240,236
4915,12,17,375,375
4916,12,17,375,375
4917,12,17,375,375
4918,14,18,403,417
4919,10,14,403,417
4920,10,15,403,417
4921,10,14,403,417
4922,14,18,403,417
4923,13,18,403,417
4924,14,18,403,417
4925,13,18,403,417
4926,20,23,332,367
4927,20,23,332,367
4928,20,23,332,367
4929,20,23,332,367
4930,14,18,403,417
4931,13,18,403,417
4932,14,18,403,417
4933,13,18,403,417
4934,10,15,403,417
4935,9,13,403,417
4936,14,18,403,417
4937,9,13,403,417
4938,12,18,375,375
4939,12,18,510,461
4940,12,18,510,461
4941,12,18,375,375
4942,17,26,230,200
4943,18,27,230,200
4944,19,28,300,300
4945,18,28,300,300
4946,18,26,320,332
4947,17,24,320,332
4948,13,20,414,295
4949,14,20,414,295
4950,13,18,375,375
4951,12,17,510,461
4952,13,18,375,375
4953,12,17,510,461
4954,16,23,240,236
4955,16,23,240,236
4956,23,34,240,260
4957,22,32,240,260
4958,22,32,240,260
4959,19,29,300,300
4960,21,31,300,300
4961,21,30,300,300
4962,15,22,400,450
4963,15,23,400,450
4964,15,20,400,450
4965,16,23,240,236
4966,16,23,240,236
4967,13,20,470,443
4968,13,20,470,443
4969,13,20,470,443
4970,11,17,470,443
4971,11,17,470,443
4972,17,24,300,271
4973,22,31,201,170
4974,22,31,201,170
4975,21,29,201,170
4976,19,28,280,254
4977,22,30,201,170
4978,16,23,300,270
4979,16,21,300,270
4980,25,34,148,145
4981,25,34,148,145
4982,25,34,148,145
4983,25,34,148,145
4984,25,34,148,145
4985,25,34,148,145
4986,19,27,170,170
4987,19,27,170,170
4988,18,25,265,258
4989,18,25,256,247
4990,18,25,256,247
4991,18,25,256,247
4992,21,30,160,157
4993,21,30,160,157
4994,19,25,230,215
4995,19,26,230,215
4996,19,27,170,170
4997,19,27,170,170
4998,19,27,170,170
4999,19,27,170,170
5000,22,31,180,171
5001,22,31,180,171
5002,22,31,180,171
5003,12,18,510,420
5004,11,17,510,420
5005,11,17,510,420
5006,12,18,510,420
5007,21,31,185,170
5008,20,29,180,170
5009,13,19,470,443
5010,13,19,470,443
5011,13,19,510,420
5012,13,19,510,420
5013,13,19,430,361
5014,13,19,430,361
5015,19,29,220,258
5016,14,20,220,258
5017,15,23,220,258
5018,20,33,220,258
5019,21,27,170,174
5020,21,27,170,174
5021,21,27,170,174
5022,21,27,170,174
5023,21,27,170,174
5024,21,27,170,174
5025,19,24,224,226
5026,19,24,224,226
5027,15,23,220,258
5028,13,21,220,258
5029,23,33,150,140
5030,23,33,150,140
5031,23,30,150,140
5032,22,30,150,140
5033,22,30,150,140
5034,13,19,420,346
5035,13,19,420,346
5036,15,23,220,258
5037,18,28,220,258
5038,18,28,220,258
5039,15,23,220,258
5040,18,28,220,258
5041,20,33,220,258
5042,18,27,263,249
5043,17,25,263,249
5044,17,25,274,270
5045,17,25,355,350
5046,16,23,274,270
5047,19,26,305,280
5048,17,23,305,280
5049,17,24,268,267
5050,16,22,355,350
5051,11,18,505,752
5052,10,14,310,365
5053,13,18,310,365
5054,10,14,310,365
5055,9,13,310,365
5056,31,37,122,128
5057,31,37,122,128
5058,27,33,117,106
5059,27,33,117,106
5060,28,35,117,106
5061,27,33,117,106
5062,18,27,248,250
5063,18,27,248,250
5064,19,28,248,250
5065,18,27,248,250
5066,19,28,248,250
5067,18,25,250,253
5068,17,24,250,253
5069,18,25,250,253
5070,17,24,250,253
5071,18,25,250,253
5072,12,20,552,398
5073,12,20,552,398
5074,17,25,315,330
5075,17,25,315,330
