index,x,y
0,58,138
4,52,82
5,36,125
6,35,55
7,27,112
8,59,134
9,39,126
10,54,104
11,61,105
1,55,110
2,36,104
3,43,101
12,38,113
13,60,42
14,49,88
15,61,80
16,48,136
17,45,150
18,44,94
19,51,127
20,32,39
23,52,95
25,44,143
26,44,135
27,49,95
28,48,144
29,53,107
30,64,108
31,58,92
32,52,85
33,41,92
34,44,69
35,44,87
36,33,78
37,63,67
38,50,141
39,40,65
24,42,153
41,49,128
42,63,108
43,42,122
44,53,169
45,39,84
46,48,131
47,46,82
48,51,55
49,33,58
21,51,50
51,41,125
52,45,158
53,53,96
54,53,112
55,38,120
56,46,74
40,57,94
58,48,116
59,56,133
60,52,102
61,53,65
50,61,96
63,51,129
64,55,77
65,40,91
66,58,111
67,60,130
68,50,153
69,67,74
70,60,104
71,40,156
72,54,114
73,46,98
62,54,72
75,37,114
76,40,138
77,48,107
57,55,50
79,38,70
74,37,113
81,55,111
82,38,97
83,59,133
78,62,108
85,42,71
86,62,98
87,36,97
88,53,137
89,52,75
90,57,99
91,56,88
92,43,96
93,46,137
94,47,108
22,42,105
96,47,103
97,70,127
98,52,75
99,57,111
100,56,90
101,36,93
102,46,99
103,48,54
104,43,127
105,46,73
106,57,127
95,39,82
108,59,94
109,51,59
110,48,94
111,56,132
112,51,82
113,43,108
114,58,84
115,24,74
116,56,109
84,40,83
118,32,102
119,37,137
120,35,124
121,38,91
122,39,143
123,54,127
124,39,73
125,47,122
126,40,161
127,70,77
128,59,91
129,63,101
130,45,112
131,48,103
132,34,49
133,30,101
134,46,87
135,46,91
136,59,98
137,57,155
138,53,104
139,51,109
140,52,67
141,54,109
142,48,124
143,50,138
144,62,76
145,45,91
146,56,89
147,46,154
148,60,144
149,42,97
150,45,60
151,47,93
152,46,112
153,72,101
154,61,81
155,47,98
156,62,98
157,58,110
158,33,122
159,45,116
107,52,76
161,42,120
162,47,75
163,31,94
164,40,101
117,38,100
166,50,75
167,46,84
168,28,96
169,69,73
170,57,89
171,40,81
172,59,77
173,58,139
174,42,76
175,25,112
176,50,81
177,47,58
178,24,91
179,60,156
180,49,101
181,38,98
182,58,121
80,41,127
184,44,103
185,46,122
186,55,104
160,60,124
188,34,118
189,44,77
190,35,103
191,48,104
192,63,117
193,39,134
194,49,98
195,38,79
196,54,132
197,61,133
198,52,119
199,61,62
200,54,71
201,62,105
202,44,134
203,43,109
204,42,95
205,49,144
206,61,75
207,46,126
208,67,91
209,31,140
210,58,153
211,50,112
212,57,83
213,39,89
214,40,45
215,47,106
216,38,74
217,47,80
218,70,71
219,55,32
220,41,84
221,44,115
222,36,156
223,33,96
224,46,81
225,53,76
226,46,103
227,46,123
228,61,53
229,45,144
230,49,91
231,53,80
232,53,100
233,57,91
234,44,133
235,41,108
236,52,86
237,38,81
238,48,91
239,51,139
240,56,125
241,69,108
242,49,96
243,57,113
244,58,73
245,46,95
246,57,77
247,59,58
248,62,149
249,51,96
250,46,132
183,48,111
252,51,120
253,68,58
254,59,113
165,49,143
187,53,47
257,62,93
258,48,73
259,53,101
260,41,82
261,61,121
262,61,72
255,52,108
264,51,95
265,57,92
263,50,99
267,52,85
268,50,106
269,58,103
270,60,67
271,41,155
272,65,124
273,59,106
274,67,116
275,44,130
276,30,79
277,49,103
278,66,113
279,46,85
280,34,87
281,47,116
282,36,96
283,46,85
284,41,100
285,48,117
286,39,55
287,35,128
288,68,94
289,40,81
290,45,142
291,54,94
292,30,66
293,46,137
294,59,81
295,35,112
296,25,64
297,49,83
298,63,136
299,76,86
300,53,142
301,53,93
302,56,109
303,36,117
304,52,108
305,53,92
306,58,67
307,48,88
308,47,97
309,45,95
310,37,86
311,41,130
312,47,57
313,60,85
314,54,134
315,18,130
316,50,132
317,37,104
318,33,104
319,69,113
320,49,110
321,31,145
251,54,101
323,47,76
324,53,132
325,67,121
326,50,110
327,68,137
328,56,61
329,39,105
330,45,92
331,56,96
332,33,109
333,55,106
334,32,90
335,37,146
336,52,106
337,53,78
338,58,127
339,39,100
340,61,76
341,45,39
342,43,46
343,39,95
344,54,121
345,48,96
346,49,105
347,47,106
348,64,99
349,41,95
350,41,110
351,36,110
352,59,126
353,38,103
354,52,92
355,59,62
356,47,63
357,49,116
358,66,56
359,43,83
360,48,151
361,56,174
362,54,53
363,60,109
364,46,94
365,47,132
366,37,75
367,48,108
256,28,72
369,60,109
370,54,131
371,49,67
266,55,125
322,46,94
374,47,90
375,42,97
376,58,110
377,38,57
378,60,97
379,36,74
380,63,98
381,55,82
382,40,96
383,41,93
384,52,69
385,46,55
386,38,118
387,30,46
388,33,123
389,50,66
390,53,131
391,42,86
392,43,123
393,53,68
394,59,105
395,57,123
396,53,106
397,51,117
398,44,107
399,36,60
400,55,123
401,22,68
402,39,71
403,40,94
404,68,72
405,21,78
406,60,103
407,49,81
408,39,109
409,45,101
410,66,79
411,58,91
412,54,92
413,51,63
414,36,71
415,36,104
416,49,99
417,51,70
418,40,91
419,49,121
420,55,136
421,52,77
422,54,74
423,46,109
424,50,123
425,54,72
426,62,58
427,29,84
428,49,111
429,57,100
430,61,70
431,42,94
432,52,20
433,44,103
434,46,87
435,55,130
436,66,97
437,48,78
438,55,107
439,58,90
440,45,88
441,52,115
442,55,130
443,57,60
444,57,97
445,72,78
446,45,124
447,54,107
448,81,100
449,50,87
450,50,108
451,45,102
452,64,122
453,54,125
454,50,98
455,40,118
456,52,125
457,51,64
372,61,102
458,27,65
460,27,95
461,48,70
462,51,106
463,30,91
464,54,99
465,61,94
466,46,129
467,51,62
468,42,107
469,40,49
470,61,113
471,49,134
472,57,105
473,45,70
474,49,138
475,60,81
476,56,76
477,44,162
478,52,77
479,36,97
480,56,138
481,67,79
482,31,117
483,65,105
484,55,138
485,51,137
486,53,100
487,49,135
488,58,121
489,39,59
490,43,70
491,53,113
492,52,71
493,58,82
494,54,98
459,50,121
496,48,146
497,59,93
498,31,65
499,37,74
495,57,129
500,72,116
373,52,92
503,63,79
504,29,39
505,41,112
506,44,73
507,49,123
508,51,66
509,49,132
510,74,91
511,42,92
512,52,114
513,46,105
514,66,69
515,45,86
516,44,124
502,59,80
518,38,128
519,41,66
520,40,73
521,36,101
522,36,69
523,60,98
524,66,129
525,45,70
526,59,83
527,44,119
528,56,98
529,63,129
530,48,150
531,40,88
532,43,160
533,62,102
534,55,54
535,24,81
536,41,110
537,53,105
538,39,138
501,29,67
540,38,117
517,60,112
541,62,115
542,39,93
368,52,99
544,58,111
546,58,103
547,33,95
548,62,76
549,52,114
550,61,125
551,46,141
552,48,39
553,61,71
554,46,73
555,30,70
556,61,126
557,54,100
558,60,84
559,41,95
560,42,94
561,48,98
562,36,57
563,40,171
564,30,99
565,49,102
566,39,94
567,45,86
568,58,86
569,42,82
570,49,59
571,53,115
572,59,110
573,45,112
574,36,130
539,61,69
576,44,130
577,55,103
578,46,127
575,61,66
580,54,91
581,68,84
582,55,96
583,60,154
584,44,88
585,46,100
586,53,141
587,41,118
588,54,67
589,78,64
590,45,108
591,36,98
592,56,103
593,46,119
594,44,32
595,59,64
596,57,142
597,53,147
598,42,84
599,63,129
600,54,80
601,65,143
602,48,86
603,54,71
604,55,138
605,54,117
606,48,127
607,50,89
608,51,74
609,50,123
610,53,146
543,48,109
612,28,80
613,26,125
614,53,127
615,38,111
616,41,114
617,58,101
611,53,106
619,25,141
620,48,78
621,50,97
545,46,85
623,59,98
624,47,122
625,55,102
626,48,136
627,41,129
628,53,112
629,46,92
630,55,106
631,52,110
632,62,77
633,53,84
634,52,82
635,37,116
636,44,112
637,52,73
638,47,144
639,60,96
640,54,102
641,35,81
642,51,56
643,60,118
644,56,127
645,38,66
646,56,54
647,50,84
648,51,118
649,67,107
650,63,82
651,37,92
652,58,71
653,55,98
654,45,91
655,54,76
656,54,97
657,58,100
658,47,60
659,58,142
660,56,86
661,50,90
662,41,120
663,52,81
664,69,88
665,43,63
666,47,86
667,59,121
668,38,60
669,49,110
670,47,126
671,58,59
672,29,136
673,75,111
674,48,110
675,49,132
676,47,94
677,48,111
678,56,120
679,55,117
680,68,59
681,47,116
682,51,51
683,55,115
684,26,30
685,56,89
686,48,93
687,60,79
688,57,71
689,57,107
690,58,93
691,47,101
692,56,85
693,40,96
694,68,134
695,36,81
696,63,120
697,38,107
698,54,115
699,55,126
700,56,89
701,47,103
702,43,102
703,59,94
704,53,122
705,48,87
706,56,122
707,46,87
708,57,136
709,47,119
710,52,112
711,44,147
712,60,69
713,54,105
714,46,107
715,34,69
716,40,96
717,47,118
718,46,108
719,43,75
720,72,94
721,57,68
722,72,60
723,58,114
724,58,104
725,31,75
726,36,136
727,61,86
728,42,128
729,49,90
730,49,66
731,54,178
732,40,95
733,52,95
734,49,95
735,44,132
736,49,87
737,53,79
738,55,127
739,42,125
740,57,103
741,44,119
579,59,99
618,57,95
744,39,133
745,45,132
746,38,56
747,52,130
748,51,117
749,60,84
750,27,90
751,65,101
752,50,104
753,52,128
754,55,104
755,57,78
742,43,62
757,58,151
758,63,60
759,35,103
760,60,81
761,34,127
762,46,85
763,60,111
764,44,127
765,51,86
766,59,89
767,67,101
768,53,134
769,51,124
770,50,112
771,55,101
756,60,77
773,47,75
774,42,108
775,45,76
776,52,93
777,24,96
778,47,77
743,45,72
780,55,52
781,38,91
782,74,74
783,63,90
622,44,77
779,46,123
784,33,67
787,57,78
788,75,119
789,57,122
785,42,89
791,40,89
792,57,107
793,54,136
794,59,136
795,63,24
796,53,98
797,78,87
798,56,95
799,51,74
800,40,92
801,34,80
802,31,131
803,49,114
804,46,73
805,51,101
806,61,67
807,40,86
808,43,130
809,51,107
810,58,71
772,47,80
812,55,74
813,54,99
814,49,108
815,51,100
816,65,105
817,60,76
818,54,125
819,42,71
820,48,121
821,50,123
822,45,103
823,37,43
824,53,89
825,55,130
826,55,131
827,49,68
828,66,125
829,55,108
830,43,81
831,57,93
832,35,98
833,48,129
834,53,113
835,42,69
836,59,150
837,34,122
838,41,130
839,50,114
840,47,76
841,55,92
842,66,100
843,57,109
844,48,81
790,62,157
786,55,101
847,43,70
848,44,76
849,47,95
850,49,107
851,45,92
852,34,101
853,67,56
854,70,65
855,33,130
856,36,106
857,48,120
858,51,87
859,52,108
860,47,71
861,47,97
862,58,97
863,48,99
864,37,68
865,51,112
866,55,82
867,53,92
868,50,96
869,56,69
870,54,80
871,46,74
872,47,124
811,59,104
845,58,124
875,58,89
876,70,95
877,39,55
873,52,93
846,42,80
880,63,125
874,43,117
878,52,103
883,51,129
884,51,89
885,39,123
886,40,50
887,32,82
888,53,140
889,42,119
890,71,104
891,58,114
892,44,90
893,56,38
894,60,58
895,36,54
896,50,88
897,51,92
898,51,121
899,47,81
900,31,70
901,53,129
902,44,108
903,52,80
904,44,96
905,44,101
906,59,126
907,54,112
908,55,133
909,51,39
881,56,85
911,52,132
912,51,97
913,61,106
914,56,63
915,30,126
916,60,116
917,58,82
918,48,159
919,41,185
920,46,96
921,52,147
922,52,126
923,49,174
924,34,119
925,31,136
926,42,101
927,41,132
928,59,101
929,35,65
930,56,103
931,46,68
932,45,74
933,45,136
934,48,83
935,58,77
936,40,109
937,40,65
938,50,73
939,70,53
940,41,109
941,74,76
942,41,107
943,44,67
944,66,128
945,47,125
946,44,85
947,66,112
948,43,99
949,52,86
950,70,108
951,39,87
952,65,82
953,54,88
954,41,134
955,69,168
956,55,115
957,48,141
958,41,73
959,41,135
960,53,104
961,56,132
962,60,125
963,67,120
964,50,76
965,41,116
966,51,55
967,49,102
968,53,82
969,36,126
970,58,102
971,47,89
972,54,126
973,39,111
974,28,126
975,27,107
976,47,74
977,46,116
978,46,62
979,46,129
980,46,84
981,55,100
982,60,79
983,50,97
984,62,111
985,28,102
986,56,91
987,44,86
988,56,131
989,33,86
990,42,97
991,42,93
992,47,89
993,44,101
994,49,139
995,61,77
996,48,108
997,51,103
998,51,113
999,53,96
1000,52,108
1001,50,99
1002,33,68
1003,45,94
1004,42,73
1005,38,103
1006,61,109
1007,51,91
1008,47,113
1009,64,108
1010,45,119
1011,36,85
1012,29,87
1013,63,107
1014,38,74
1015,44,93
1016,49,114
1017,44,106
1018,43,91
1019,57,61
1020,52,78
1021,40,61
1022,74,135
1023,51,83
1024,64,109
1025,62,86
1026,67,157
1027,34,84
1028,52,125
1029,47,153
1030,60,114
1031,51,76
1032,37,61
1033,53,38
1034,37,115
1035,45,86
1036,55,94
1037,25,108
1038,32,117
1039,43,115
1040,51,99
1041,32,89
1042,52,113
1043,46,107
1044,50,107
1045,38,99
1046,54,119
1047,48,113
1048,44,119
1049,21,156
1050,45,75
1051,45,56
1052,46,53
1053,56,116
1054,57,60
1055,62,157
1056,53,132
1057,63,43
1058,53,132
1059,34,85
1060,63,80
1061,55,97
1062,43,70
1063,45,72
1064,40,117
1065,56,111
1066,59,104
1067,55,86
1068,35,98
1069,38,101
1070,41,69
1071,48,103
1072,38,109
1073,52,100
1074,61,119
1075,35,114
1076,51,67
1077,43,100
910,41,110
1079,53,128
1080,56,84
1081,69,79
882,53,87
1083,54,117
1084,68,110
1085,59,93
1086,46,88
1087,32,97
1088,40,100
1089,58,98
1090,51,85
1091,35,128
1092,72,113
1093,74,113
1094,46,119
1095,65,26
1096,60,63
1097,47,87
1098,68,95
1099,55,116
1100,47,127
1101,42,94
1102,55,131
1078,42,80
1104,49,117
1105,37,118
1106,48,115
1103,43,53
1108,65,74
1107,57,125
1110,49,87
1111,53,123
1112,58,90
1113,48,52
1114,53,89
1115,35,109
1116,39,119
1117,46,101
1118,53,85
1119,71,114
1120,31,123
1121,56,105
1122,29,59
1123,49,79
1124,48,133
1125,65,112
1126,53,121
1127,53,83
1128,50,88
1129,44,117
1130,59,109
1131,43,68
1132,49,103
1133,36,88
1134,29,68
1135,42,155
1136,54,119
1137,45,54
1138,64,122
1139,46,92
1140,58,96
1141,28,128
1142,44,107
1143,59,72
1144,47,39
1145,43,87
1146,55,70
1147,29,104
1148,48,70
1149,35,125
1150,64,139
1151,53,156
1152,68,102
1153,47,72
1154,45,80
1155,59,102
1156,41,88
1157,51,88
1158,40,103
1159,46,167
1160,55,135
1161,46,80
1162,36,94
1163,54,132
1164,60,90
1165,68,61
1166,55,138
1167,49,93
1168,48,74
1169,44,96
1170,62,99
1171,51,57
1172,48,95
1173,41,83
1174,48,81
1175,38,61
1176,53,130
1177,38,98
1178,65,73
1179,53,100
1180,27,72
1181,49,111
1182,35,101
1183,34,129
1184,49,129
1185,63,118
1186,61,70
1187,41,100
1188,43,117
1189,59,123
1190,67,109
1191,40,103
1192,44,79
1193,55,99
1194,52,116
1195,42,126
1196,56,117
1197,35,102
1198,51,125
1199,61,92
1200,41,84
1201,48,106
1202,42,114
1203,40,94
1204,51,128
1205,41,92
1206,26,95
1207,52,77
1208,50,96
1209,55,77
1210,49,124
1211,52,151
1212,39,115
1213,55,144
1214,53,92
1215,54,94
1216,45,83
1217,57,115
1218,47,62
1219,55,51
1220,44,93
1221,49,158
1222,40,102
1223,39,107
1224,56,98
1225,55,83
1226,45,73
1227,53,111
1228,55,135
1229,47,151
1230,46,120
1231,36,153
1109,48,88
1233,51,98
1234,49,126
1235,38,77
1236,46,88
1237,63,84
1238,43,111
1239,47,123
1240,54,121
1241,55,104
1242,69,72
1243,61,70
1244,56,93
1245,54,87
1246,61,125
1247,58,113
1248,27,85
1249,39,96
1250,59,94
1251,46,118
1252,55,64
1253,56,111
1254,47,86
1255,61,70
1256,53,103
1257,69,138
1258,57,81
1259,65,92
1260,53,78
1261,42,71
1262,31,81
879,47,105
1264,60,104
1265,56,79
1266,46,123
1267,46,130
1268,63,78
1269,30,99
1270,47,87
1271,59,114
1263,37,120
1273,40,79
1274,52,93
1275,39,72
1082,58,106
1277,57,88
1278,60,128
1279,46,88
1280,51,104
1281,62,115
1282,41,126
1283,63,147
1284,50,98
1285,50,91
1286,62,72
1287,63,117
1288,18,95
1289,52,96
1290,64,70
1291,38,94
1292,55,94
1293,37,48
1294,54,140
1295,40,107
1296,41,96
1297,45,94
1276,56,119
1299,51,64
1300,57,96
1272,43,105
1302,34,122
1303,38,83
1304,51,134
1305,36,82
1306,34,114
1298,46,82
1308,32,74
1309,64,67
1310,54,93
1311,60,105
1312,58,100
1313,55,104
1314,50,128
1315,48,141
1316,47,72
1317,71,105
1318,36,115
1319,45,112
1320,44,96
1321,67,81
1322,41,79
1323,51,151
1324,64,80
1325,60,79
1326,33,98
1327,49,150
1328,32,105
1329,44,70
1330,58,121
1331,47,96
1332,39,71
1333,18,61
1334,52,113
1335,39,99
1336,53,81
1337,56,171
1338,64,105
1339,38,96
1340,55,113
1341,58,115
1342,32,113
1343,64,70
1344,52,91
1345,49,103
1346,50,88
1347,47,103
1348,48,95
1349,47,107
1350,63,103
1307,55,124
1352,58,89
1353,74,74
1354,36,70
1355,55,87
1356,54,115
1357,58,68
1358,65,122
1359,41,82
1360,42,109
1361,65,85
1362,50,123
1363,72,143
1364,55,121
1365,65,111
1366,45,79
1367,66,92
1368,56,62
1369,63,93
1370,66,108
1371,17,93
1372,50,100
1373,39,106
1374,60,122
1375,48,93
1376,59,112
1377,54,98
1378,61,132
1379,45,115
1380,42,82
1381,64,78
1382,52,100
1383,49,120
1384,18,93
1385,66,81
1386,56,129
1387,38,95
1388,60,130
1389,36,125
1390,58,98
1391,67,138
1392,55,98
1393,49,120
1394,61,142
1232,50,114
1396,61,69
1397,48,93
1398,61,78
1351,39,73
1400,38,114
1401,59,71
1402,43,135
1403,55,113
1404,53,102
1405,53,72
1406,62,69
1407,49,69
1408,49,67
1409,39,103
1410,46,142
1411,54,75
1412,55,65
1413,45,131
1414,37,86
1415,53,86
1416,51,110
1417,57,78
1418,53,135
1419,80,66
1420,55,78
1421,63,98
1422,39,104
1423,43,109
1424,56,97
1425,41,143
1426,47,132
1427,31,93
1428,49,104
1429,57,113
1430,56,120
1431,41,108
1432,59,136
1433,50,92
1434,33,95
1435,55,125
1436,36,89
1437,44,71
1438,37,109
1439,39,92
1440,60,108
1441,46,115
1442,59,97
1443,61,81
1444,51,98
1445,41,64
1446,40,104
1447,45,87
1448,45,70
1301,53,98
1450,57,83
1451,60,111
1452,49,144
1453,53,85
1454,57,79
1455,62,99
1456,61,108
1457,43,121
1449,54,100
1459,52,94
1460,58,101
1461,59,95
1462,57,111
1463,55,122
1464,39,116
1465,57,108
1466,64,115
1467,53,103
1468,42,133
1469,44,116
1470,60,110
1471,40,96
1472,32,77
1473,52,139
1474,57,151
1475,44,138
1395,54,176
1477,64,101
1399,39,84
1479,43,148
1480,38,130
1478,41,97
1482,43,107
1483,68,89
1484,53,75
1485,35,92
1486,51,123
1487,49,130
1488,42,98
1489,58,103
1490,54,107
1491,54,66
1492,35,71
1493,48,83
1494,61,108
1481,48,103
1496,55,44
1497,36,87
1498,54,101
1499,65,94
1500,47,74
1495,51,54
1502,56,112
1503,60,87
1504,50,57
1505,56,131
1506,53,96
1507,50,79
1508,29,98
1509,57,123
1510,47,97
1511,51,98
1512,52,93
1501,51,96
1514,50,115
1515,66,130
1516,40,90
1517,36,126
1518,33,90
1513,45,89
1520,64,89
1521,69,103
1522,54,120
1523,62,108
1524,33,87
1525,38,88
1526,44,68
1527,59,113
1528,38,89
1529,38,103
1530,47,124
1531,72,122
1532,40,81
1533,58,96
1534,42,113
1535,48,108
1536,49,120
1537,43,137
1538,50,115
1539,40,77
1540,64,95
1541,48,97
1542,51,119
1543,49,131
1544,46,98
1545,61,92
1546,45,139
1547,65,135
1548,53,127
1549,39,102
1550,61,108
1551,43,145
1552,64,63
1553,58,103
1554,50,87
1555,62,70
1556,58,95
1557,46,109
1558,53,64
1559,57,74
1560,58,163
1561,44,115
1562,49,109
1563,49,137
1564,49,63
1565,42,59
1566,51,117
1567,38,87
1568,53,101
1569,46,79
1570,40,97
1571,38,120
1572,31,70
1573,58,96
1574,61,114
1575,51,168
1576,56,68
1577,40,123
1578,51,103
1579,48,143
1580,36,111
1581,40,136
1582,63,100
1583,56,96
1584,58,125
1585,62,113
1586,56,57
1587,40,89
1588,53,153
1589,54,70
1590,54,93
1591,61,77
1592,51,107
1593,57,99
1594,50,96
1595,58,82
1596,58,88
1597,43,69
1598,43,108
1599,37,71
1600,38,54
1601,43,73
1602,66,84
1603,59,99
1458,50,67
1605,69,87
1606,49,88
1607,36,135
1608,42,67
1609,37,125
1610,33,134
1611,63,117
1612,54,128
1613,46,120
1614,34,118
1615,48,59
1616,48,110
1617,47,107
1618,72,57
1619,55,106
1620,54,111
1621,47,82
1622,49,121
1623,59,92
1624,56,88
1625,36,103
1626,42,81
1627,65,105
1628,64,89
1629,44,101
1630,42,89
1631,58,70
1632,61,83
1633,64,93
1634,47,128
1635,55,76
1636,43,127
1637,43,104
1638,51,91
1639,63,161
1640,50,77
1641,48,87
1642,61,106
1643,52,99
1644,43,116
1645,41,85
1646,33,94
1647,51,121
1648,61,79
1649,60,107
1650,39,29
1651,28,93
1652,76,111
1653,41,115
1654,59,64
1655,48,78
1656,59,98
1657,41,76
1658,61,115
1659,23,88
1660,76,123
1661,44,96
1662,38,105
1663,49,117
1664,38,129
1665,37,80
1666,59,117
1667,47,115
1668,61,90
1669,38,112
1670,58,64
1671,63,100
1672,59,69
1673,35,101
1674,37,86
1675,63,40
1676,45,76
1677,50,105
1678,46,83
1679,29,87
1680,62,59
1681,58,74
1682,37,62
1683,68,100
1684,64,99
1685,71,189
1686,49,145
1476,62,73
1688,39,108
1689,59,123
1690,50,158
1691,42,135
1692,41,115
1693,39,108
1694,57,80
1695,54,94
1696,48,112
1697,61,108
1698,45,97
1699,62,93
1700,56,46
1701,45,135
1702,50,101
1703,53,140
1704,55,105
1705,45,82
1706,46,104
1707,48,106
1708,47,120
1709,48,107
1710,64,108
1711,47,117
1712,55,76
1713,57,84
1714,62,67
1715,50,133
1716,36,111
1717,40,116
1718,41,130
1719,36,91
1519,52,139
1721,55,75
1722,35,97
1723,47,121
1724,52,140
1725,58,90
1726,75,106
1604,59,61
1728,48,101
1729,70,96
1730,62,61
1731,38,85
1732,24,130
1733,54,62
1734,44,115
1735,60,103
1736,55,108
1737,45,103
1738,41,112
1739,61,82
1740,50,120
1741,57,110
1742,40,150
1743,52,114
1744,60,117
1745,45,104
1746,45,143
1747,49,127
1748,54,84
1749,56,89
1750,43,72
1751,65,87
1752,73,122
1753,59,77
1754,46,58
1755,65,100
1756,34,80
1757,52,104
1758,58,59
1759,44,130
1760,38,92
1761,42,90
1762,53,138
1763,53,66
1764,38,95
1765,31,97
1766,30,93
1767,46,102
1768,62,91
1769,29,101
1770,52,105
1771,67,143
1772,54,87
1773,42,79
1720,49,35
1775,60,108
1776,58,142
1777,35,115
1778,49,78
1779,47,76
1780,49,71
1781,54,117
1782,42,75
1783,43,123
1784,38,67
1785,45,118
1786,59,133
1787,43,114
1788,62,48
1789,54,101
1790,59,87
1791,50,84
1792,50,89
1793,56,122
1794,45,117
1795,49,79
1796,51,104
1797,50,97
1798,48,157
1799,42,118
1800,69,114
1801,55,98
1802,37,83
1803,51,88
1804,51,99
1805,61,65
1806,64,94
1774,52,90
1808,61,88
1809,50,80
1810,66,86
1811,60,97
1812,58,136
1813,60,59
1814,53,121
1815,43,77
1816,53,79
1817,51,104
1818,49,79
1819,57,87
1820,44,128
1821,64,118
1822,47,121
1823,71,144
1824,57,47
1825,38,60
1826,40,136
1827,47,120
1828,44,66
1829,42,105
1830,54,88
1831,69,101
1832,42,111
1833,52,162
1834,66,136
1835,50,100
1836,57,112
1837,55,106
1838,47,58
1839,36,131
1840,43,136
1841,43,108
1842,44,109
1843,61,151
1844,49,75
1845,51,107
1846,52,75
1847,43,98
1848,41,88
1849,21,62
1850,43,69
1851,30,85
1852,59,122
1853,49,87
1854,47,103
1855,58,115
1856,51,51
1857,41,127
1858,50,116
1859,33,129
1860,41,101
1861,56,120
1862,67,112
1863,54,95
1864,44,96
1865,56,107
1866,66,80
1867,52,123
1868,49,93
1869,44,140
1870,62,100
1871,69,124
1872,59,72
1873,29,84
1874,39,93
1875,49,84
1876,49,94
1877,55,70
1878,56,85
1879,55,142
1880,41,91
1881,54,126
1882,45,110
1883,44,30
1884,59,84
1885,60,96
1886,45,113
1887,53,62
1888,53,79
1889,58,49
1890,65,94
1891,61,121
1892,55,123
1893,46,111
1894,30,81
1895,31,134
1896,53,121
1897,53,108
1898,57,62
1899,51,123
1900,45,63
1901,62,100
1902,59,42
1903,48,96
1904,54,100
1905,62,95
1906,52,116
1907,44,125
1908,51,114
1909,30,127
1910,53,79
1911,63,128
1912,59,129
1913,53,120
1914,56,113
1915,77,86
1916,67,125
1917,40,69
1918,18,74
1919,51,98
1920,39,88
1921,50,95
1922,46,99
1923,49,77
1924,51,113
1925,61,134
1926,55,107
1927,40,78
1928,43,112
1929,54,65
1930,56,57
1931,67,77
1932,61,82
1933,45,128
1934,37,154
1935,55,113
1936,53,124
1937,57,59
1938,46,86
1939,53,49
1940,69,92
1941,55,104
1942,53,121
1943,53,80
1944,55,71
1945,50,110
1946,58,90
1947,57,98
1948,44,79
1949,46,79
1950,48,108
1951,34,127
1952,50,140
1953,62,109
1954,43,92
1955,50,86
1956,55,50
1957,50,100
1958,48,90
1959,52,109
1960,36,92
1961,58,100
1962,33,87
1963,41,141
1964,40,132
1965,49,144
1966,60,135
1967,43,50
1968,47,149
1969,63,115
1970,57,111
1971,54,103
1972,36,133
1973,60,67
1974,36,95
1975,46,76
1976,48,86
1977,59,67
1978,34,108
1979,61,46
1980,63,97
1981,47,110
1982,41,79
1983,39,130
1984,39,127
1985,66,57
1986,61,106
1987,66,117
1988,45,128
1989,48,81
1990,34,93
1991,48,176
1992,61,101
1993,49,123
1994,51,85
1995,45,119
1996,46,136
1997,45,113
1998,64,104
1999,48,96
2000,44,77
2001,60,98
2002,38,117
2003,56,110
2004,56,60
2005,56,112
2006,41,156
2007,55,91
2008,58,72
2009,62,120
2010,55,103
2011,60,112
2012,41,73
2013,43,150
2014,42,67
2015,52,90
2016,47,89
2017,40,94
2018,61,92
2019,79,146
2020,53,123
2021,49,100
2022,44,96
2023,66,125
2024,31,122
2025,50,144
2026,62,102
2027,29,118
2028,52,62
2029,59,56
2030,56,67
2031,55,89
2032,46,135
2033,45,115
2034,57,81
2035,56,64
2036,46,104
2037,44,93
2038,47,79
2039,44,112
2040,51,166
2041,31,140
2042,55,99
2043,39,95
2044,41,61
2045,55,112
2046,56,110
2047,57,48
2048,54,145
2049,48,116
2050,47,94
2051,47,61
2052,72,131
2053,54,129
2054,35,48
2055,48,62
2056,61,118
2057,41,99
2058,53,65
2059,71,79
2060,28,92
2061,67,87
2062,47,92
2063,43,77
2064,54,98
2065,74,92
2066,44,57
2067,54,102
2068,39,28
2069,54,104
2070,50,87
2071,43,84
2072,57,91
2073,52,92
2074,59,73
2075,58,74
2076,57,98
2077,52,50
2078,35,84
2079,34,59
2080,51,157
2081,54,76
2082,49,121
2083,59,87
2084,60,106
2085,27,70
2086,60,110
2087,69,98
2088,59,90
2089,53,126
2090,51,113
2091,45,125
2092,52,123
2093,51,156
2094,51,107
2095,44,62
2096,42,113
2097,58,120
2098,46,68
2099,48,121
2100,45,75
1687,51,43
2102,55,102
2103,58,71
2104,45,91
2105,52,126
2106,54,55
2107,44,103
1807,48,115
2109,47,74
2110,41,103
2111,47,44
2112,71,94
2113,49,104
2114,37,94
2115,51,103
2116,59,124
2117,34,75
2118,49,79
2119,57,79
2120,71,105
2121,54,80
2122,62,98
2123,37,112
2124,45,94
2125,52,156
2126,46,114
2127,67,108
2128,51,100
2129,47,119
2130,75,57
2131,42,68
2132,59,108
2133,58,95
2134,58,85
2135,47,74
2136,40,120
2137,35,86
2138,53,69
2139,36,103
2140,62,71
2141,29,136
2142,56,125
2143,62,146
2144,44,101
2145,46,37
2146,56,91
2147,44,68
2148,63,102
2149,64,113
2150,45,105
2151,50,88
2152,45,53
2153,50,56
2154,76,43
2155,41,75
2156,30,109
2157,37,47
2158,40,97
2159,55,91
2160,49,96
2161,53,102
2162,39,78
1727,25,160
2164,46,97
2165,57,122
2166,47,141
2108,56,94
2168,46,114
2169,41,120
2170,59,103
2167,72,60
2172,58,43
2173,48,94
2174,65,118
2175,55,149
2176,46,116
2177,38,103
2178,44,97
2179,37,92
2180,58,85
2181,31,68
2182,55,112
2183,62,85
2184,42,104
2185,43,110
2186,39,114
2187,60,100
2188,64,66
2189,55,61
2190,67,70
2191,58,84
2192,63,117
2193,58,88
2194,21,114
2195,26,65
2196,55,112
2197,53,100
2198,45,99
2199,46,75
2200,46,122
2201,58,70
2202,44,71
2203,49,118
2204,57,112
2205,70,88
2206,50,73
2207,37,58
2208,63,120
2209,47,86
2210,35,114
2211,60,115
2212,31,69
2213,53,89
2101,48,60
2215,38,87
2216,55,94
2217,66,92
2218,41,150
2163,47,110
2220,43,114
2221,57,118
2222,48,91
2223,40,98
2224,42,77
2225,58,122
2226,29,110
2171,48,118
2219,48,89
2229,79,92
2230,41,103
2228,42,113
2214,61,119
2233,61,102
2231,41,93
2232,41,85
2236,38,66
2234,58,152
2235,57,108
2227,70,119
2237,69,72
2241,40,87
2242,55,92
2243,50,66
2244,42,101
2245,34,107
2246,58,72
2247,49,80
2239,57,125
2240,33,112
2250,53,101
2251,58,93
2252,54,97
2253,42,71
2254,30,91
2255,60,97
2256,37,134
2257,48,82
2249,62,116
2259,45,145
2260,45,146
2261,68,92
2262,58,92
2248,49,93
2258,48,124
2265,48,65
2263,49,93
2267,33,79
2268,60,114
2238,60,120
2270,51,131
2271,63,57
2266,36,108
2264,49,78
2269,51,73
2275,58,83
2276,49,62
2277,60,30
2272,41,138
2273,56,95
2280,42,115
2281,50,108
2282,50,126
2283,30,54
2284,31,60
2279,64,89
2274,54,86
2287,62,64
2288,62,145
2289,44,108
2290,63,89
2291,58,127
2292,59,76
2278,43,182
2285,42,140
2286,42,98
2296,46,132
2297,41,106
2295,49,131
2299,40,57
2293,52,136
2301,65,98
2302,55,105
2300,68,115
2298,58,96
2305,53,109
2303,57,99
2307,33,101
2304,48,114
2306,56,59
2308,67,63
2311,50,107
2312,41,127
2313,43,125
2294,39,108
2309,61,93
2316,50,109
2317,54,117
2318,41,123
2310,38,112
2314,42,120
2321,52,127
2322,56,73
2320,44,64
2315,48,102
2319,51,90
2323,58,59
2324,57,94
2325,49,91
2326,50,97
2330,64,170
2331,60,56
2332,49,128
2333,44,99
2328,44,103
2329,41,98
2327,51,74
2334,38,88
2338,29,103
2336,50,133
2340,62,90
2341,50,90
2342,47,116
2337,57,79
2344,42,82
2345,51,94
2343,47,103
2347,51,131
2348,46,90
2349,56,147
2335,58,90
2339,27,119
2352,31,106
2353,56,152
2354,62,100
2355,54,134
2356,48,78
2357,51,87
2358,58,73
2350,48,100
2351,59,90
2361,48,56
2359,49,92
2360,66,89
2346,40,119
2362,66,82
2366,60,106
2367,59,104
2368,45,84
2369,56,105
2370,60,82
2371,52,119
2363,32,123
2364,65,124
2365,64,84
2375,62,101
2376,54,138
2377,40,94
2378,58,81
2373,44,81
2374,53,100
2381,56,107
2382,47,137
2383,53,115
2372,50,105
2379,51,129
2386,58,71
2384,50,133
2385,43,83
2389,51,97
2387,54,88
2388,39,112
2392,53,67
2393,48,116
2394,42,104
2380,34,132
2390,51,139
2397,62,106
2398,53,67
2399,39,121
2400,51,132
2401,49,112
2402,35,25
2403,64,69
2404,54,115
2396,57,91
2406,52,79
2407,58,107
2408,30,90
2391,43,105
2395,43,79
2411,53,97
2412,39,47
2413,54,69
2405,42,118
2415,34,80
2416,45,105
2417,37,57
2409,40,115
2419,50,137
2420,57,108
2421,37,106
2422,52,86
2414,46,115
2424,33,70
2425,29,126
2426,59,88
2427,63,136
2428,37,48
2429,55,69
2430,50,110
2431,62,68
2432,58,114
2433,58,121
2434,50,116
2435,58,99
2436,48,94
2437,44,116
2438,55,92
2439,46,111
2440,42,52
2441,59,134
2442,46,125
2410,58,118
2423,37,122
2445,54,93
2446,52,104
2447,65,71
2448,56,78
2449,48,93
2450,57,132
2451,47,102
2452,38,99
2453,70,137
2454,46,71
2455,71,96
2456,46,132
2418,64,86
2443,48,83
2459,56,80
2457,49,122
2458,35,152
2444,46,102
2460,49,131
2464,67,59
2465,51,88
2466,61,120
2467,45,97
2462,52,100
2463,47,61
2470,52,104
2471,67,136
2472,62,104
2473,45,147
2474,61,76
2475,42,130
2476,49,137
2477,52,65
2478,45,86
2479,40,43
2480,58,96
2481,44,103
2482,44,110
2483,68,43
2484,60,83
2485,43,112
2486,50,92
2487,44,91
2488,60,74
2489,48,120
2490,37,115
2491,48,60
2492,49,103
2493,51,165
2494,40,113
2495,46,91
2496,59,101
2497,23,124
2498,41,110
2469,64,115
2500,59,109
2468,35,127
2499,44,76
2461,61,123
2501,53,121
2505,53,101
2506,45,93
2507,49,117
2508,54,48
2509,61,108
2504,66,115
2502,36,113
2512,67,81
2513,47,89
2514,54,92
2515,51,142
2516,45,40
2517,56,79
2518,41,97
2519,59,113
2520,59,129
2521,45,101
2522,41,83
2523,50,115
2524,54,89
2525,60,154
2511,52,64
2503,60,52
2528,55,158
2529,60,82
2530,43,144
2531,62,82
2526,66,74
2527,47,147
2534,32,85
2535,49,95
2536,47,175
2537,45,150
2538,53,65
2539,58,87
2510,38,95
2532,40,114
2542,51,125
2540,34,33
2541,50,106
2545,51,101
2546,51,81
2547,32,106
2533,51,115
2543,34,124
2550,52,112
2551,52,108
2552,60,80
2553,59,128
2554,32,71
2549,58,68
2544,39,94
2548,55,55
2555,52,110
2559,44,110
2560,40,72
2558,55,153
2556,43,102
2557,40,81
2561,53,89
2565,51,116
2563,42,89
2564,52,100
2568,46,81
2569,51,81
2570,61,119
2562,36,123
2572,50,94
2573,33,61
2574,40,81
2575,44,71
2576,28,146
2577,56,97
2578,54,91
2579,59,130
2580,33,98
2566,62,101
2582,66,98
2583,51,130
2584,64,86
2567,72,131
2571,58,107
2581,69,74
2585,48,81
2586,53,86
2590,40,59
2591,32,103
2592,54,52
2593,33,111
2594,47,86
2595,56,105
2596,39,102
2597,50,105
2598,53,150
2599,46,114
2600,39,126
2601,50,94
2602,59,123
2603,48,91
2604,45,98
2605,63,83
2606,59,81
2589,55,129
2587,44,107
2609,55,102
2610,49,112
2611,50,103
2612,58,128
2613,47,142
2614,39,66
2615,40,100
2616,44,95
2617,52,140
2618,58,127
2619,54,142
2620,54,103
2588,55,126
2622,55,59
2623,44,92
2624,62,60
2621,17,107
2626,58,86
2627,58,104
2628,27,73
2629,40,123
2630,40,95
2631,49,95
2632,27,106
2633,52,134
2634,29,131
2625,59,94
2607,54,164
2608,54,115
2638,50,122
2639,44,120
2640,49,94
2641,53,77
2642,44,88
2643,39,103
2635,44,85
2645,37,107
2646,43,137
2647,55,92
2648,38,132
2649,45,92
2650,66,102
2651,58,83
2652,49,87
2644,48,108
2636,51,55
2655,60,72
2656,53,99
2657,46,85
2658,40,91
2659,59,136
2660,53,131
2661,48,91
2662,47,127
2663,50,108
2664,45,104
2665,50,112
2666,52,62
2667,34,64
2668,52,136
2669,47,105
2670,63,105
2671,35,69
2672,43,94
2673,66,102
2674,43,122
2675,37,70
2676,29,88
2677,62,108
2678,51,134
2679,38,119
2680,69,145
2681,30,92
2682,59,110
2683,59,63
2654,66,75
2637,51,134
2686,47,110
2687,72,115
2688,54,104
2689,62,60
2690,68,107
2691,44,108
2692,30,104
2693,37,44
2694,43,50
2695,47,110
2696,71,61
2697,46,80
2698,60,66
2699,46,88
2700,40,77
2701,41,114
2702,57,95
2703,57,105
2653,49,102
2684,36,112
2685,60,105
2704,36,67
2708,53,113
2709,55,100
2710,50,139
2711,43,99
2712,49,126
2713,62,78
2705,47,95
2706,53,155
2716,60,108
2717,36,109
2718,54,105
2719,46,87
2714,43,106
2715,69,95
2722,42,104
2720,54,89
2724,65,79
2725,50,128
2723,39,154
2721,41,103
2728,60,102
2729,24,112
2730,49,91
2731,52,81
2732,57,133
2733,65,100
2734,60,122
2735,40,102
2736,58,87
2707,65,136
2738,39,139
2739,38,71
2740,32,129
2741,67,96
2742,41,77
2743,40,121
2744,36,123
2727,45,100
2737,52,123
2747,52,130
2745,40,121
2746,42,107
2750,60,107
2751,36,103
2752,54,85
2753,67,122
2754,45,78
2755,57,125
2756,56,102
2757,49,108
2758,56,74
2759,51,82
2748,32,48
2749,36,71
2762,43,105
2763,45,96
2764,47,98
2765,54,73
2766,43,99
2767,50,64
2768,58,156
2769,44,76
2770,38,81
2771,57,69
2772,61,108
2761,55,95
2726,56,79
2760,57,81
2776,43,152
2777,54,87
2778,52,86
2773,55,139
2774,34,120
2775,52,58
2782,60,96
2780,40,9
2781,54,91
2785,39,103
2786,69,105
2787,35,82
2788,39,130
2783,50,127
2784,48,123
2791,55,97
2792,64,90
2793,55,128
2794,63,123
2795,43,92
2796,62,132
2797,43,120
2798,35,78
2790,51,99
2800,78,103
2801,40,115
2802,55,110
2803,35,140
2804,45,124
2805,46,83
2806,45,67
2789,70,89
2799,68,141
2779,48,105
2807,37,76
2808,62,104
2812,56,103
2813,50,109
2811,53,90
2809,52,97
2810,48,132
2814,57,103
2818,53,125
2816,32,111
2817,52,93
2821,60,62
2822,56,99
2823,53,60
2815,61,159
2825,68,76
2826,37,139
2827,40,125
2819,37,118
2829,38,72
2830,56,126
2831,49,152
2820,47,125
2824,47,69
2834,36,110
2835,27,84
2836,51,84
2837,55,96
2838,47,136
2839,38,109
2840,43,136
2841,71,101
2842,54,76
2843,60,106
2832,65,32
2833,63,107
2846,57,96
2844,56,103
2845,36,107
2828,51,118
2847,73,17
2851,57,97
2852,49,82
2850,57,102
2848,45,138
2855,45,92
2856,59,129
2857,45,67
2858,43,93
2859,39,78
2860,47,91
2861,59,106
2862,55,96
2863,45,136
2864,39,132
2865,61,93
2866,49,90
2849,49,87
2853,35,68
2869,73,51
2867,63,133
2868,33,113
2872,50,108
2873,63,127
2874,65,93
2875,47,68
2870,39,138
2871,52,131
2878,33,87
2876,48,103
2877,57,112
2854,57,106
2879,72,60
2880,41,147
2884,46,25
2885,38,71
2886,37,109
2887,39,79
2888,60,105
2889,56,97
2890,43,89
2891,41,81
2892,54,92
2893,42,110
2882,33,132
2895,65,95
2896,55,121
2897,40,113
2883,51,104
2899,56,95
2900,32,116
2901,58,114
2881,60,137
2903,58,45
2904,47,82
2905,49,145
2894,42,67
2898,53,104
2908,59,103
2909,44,111
2907,42,114
2902,64,73
2906,62,73
2910,39,125
2914,49,83
2915,35,83
2916,50,95
2917,31,84
2912,41,95
2919,58,113
2920,47,63
2921,54,83
2922,39,109
2923,52,71
2924,53,45
2925,47,114
2911,46,116
2918,37,93
2928,38,136
2926,74,68
2930,56,121
2931,58,108
2932,48,113
2927,61,131
2934,54,111
2935,58,95
2936,43,92
2937,43,58
2938,52,110
2939,44,88
2940,47,124
2941,53,124
2933,40,91
2913,56,144
2944,57,72
2942,35,96
2943,38,63
2947,53,78
2948,39,101
2949,56,82
2950,52,127
2951,60,60
2952,50,58
2953,61,95
2954,48,67
2955,44,50
2929,34,75
2945,63,98
2958,32,78
2959,44,84
2960,58,83
2961,59,95
2962,57,119
2957,24,125
2946,48,111
2965,56,119
2966,62,91
2967,45,91
2956,50,109
2963,49,100
2970,44,103
2971,37,99
2972,44,98
2973,64,119
2974,61,67
2975,55,143
2976,39,49
2977,68,107
2978,62,59
2979,56,68
2980,49,123
2981,78,100
2982,65,102
2968,54,86
2969,58,88
2985,47,97
2986,44,107
2987,48,95
2988,57,88
2989,48,84
2990,58,142
2991,68,137
2992,64,119
2993,47,95
2994,52,111
2995,39,142
2996,50,115
2997,46,135
2998,35,122
2999,65,118
3000,58,63
3001,56,130
2984,37,80
2964,67,111
3004,54,123
3005,48,114
3006,63,115
3007,40,86
3008,51,125
3009,64,104
2983,58,96
3011,40,108
3012,52,89
3013,69,87
3002,55,111
3015,61,110
3016,43,116
3017,58,62
3003,54,82
3019,43,109
3020,55,57
3021,55,99
3010,67,77
3023,48,100
3024,43,91
3025,44,55
3026,48,111
3027,50,75
3022,49,122
3014,49,129
3030,48,49
3031,29,93
3032,39,108
3018,35,121
3028,31,136
3035,33,120
3033,47,100
3034,62,78
3029,54,104
3036,44,95
3037,61,95
3038,57,137
3039,39,113
3040,68,97
3044,44,67
3045,58,96
3043,51,111
3041,47,114
3048,52,98
3049,45,93
3050,35,154
3042,38,149
3052,54,141
3053,45,114
3051,55,112
3046,55,103
3056,41,62
3057,50,82
3058,46,67
3059,42,125
3060,42,51
3061,52,102
3062,54,133
3063,56,81
3064,58,66
3047,42,172
3054,55,127
3055,38,68
3068,52,94
3069,61,73
3070,48,82
3071,41,96
3066,52,124
3067,44,75
3065,60,132
3072,57,86
3076,57,95
3077,47,127
3078,59,112
3079,57,111
3074,46,115
3081,21,91
3082,46,109
3083,44,128
3075,50,162
3073,62,141
3086,56,110
3087,51,115
3088,41,94
3089,64,80
3084,52,96
3085,44,66
3080,68,99
3093,54,117
3094,20,99
3095,65,52
3090,47,107
3091,39,94
3098,51,120
3099,37,90
3100,33,78
3101,57,80
3102,61,76
3103,55,125
3104,32,65
3105,60,48
3106,40,116
3092,46,86
3108,40,163
3109,50,54
3110,63,71
3096,60,65
3112,66,136
3113,34,109
3114,55,107
3115,49,98
3116,49,97
3111,61,118
3097,53,127
3119,41,90
3120,48,88
3121,57,73
3122,55,86
3123,38,120
3124,71,152
3125,43,123
3117,33,112
3118,54,108
3128,44,71
3129,60,158
3127,48,129
3131,48,134
3107,38,74
3130,42,91
3134,53,80
3135,44,123
3136,46,73
3137,34,120
3138,60,100
3139,50,151
3140,56,99
3132,58,100
3133,36,86
3126,47,118
3141,33,104
3145,36,88
3143,48,100
3147,53,72
3148,44,102
3149,45,104
3150,49,58
3151,56,120
3152,73,60
3153,30,56
3142,36,102
3146,57,98
3156,62,93
3157,67,73
3158,43,46
3159,50,110
3160,69,40
3155,52,150
3144,42,89
3163,55,143
3164,54,120
3165,47,82
3166,50,77
3167,46,105
3168,27,87
3169,62,119
3161,42,79
3162,60,92
3172,57,100
3173,42,113
3174,46,130
3154,74,124
3170,40,115
3177,50,94
3178,60,110
3179,50,105
3180,42,94
3175,54,95
3176,65,86
3183,55,128
3181,66,72
3182,30,126
3186,58,95
3187,38,105
3188,44,99
3189,51,114
3190,69,104
3191,54,147
3171,53,135
3193,73,22
3194,54,138
3195,36,92
3196,43,133
3185,60,85
3192,63,127
3184,49,115
3200,53,104
3201,57,116
3202,49,60
3197,46,98
3204,27,103
3205,58,104
3206,53,74
3198,52,75
3199,61,107
3209,50,111
3210,40,106
3211,57,116
3212,57,93
3207,39,77
3214,53,139
3215,50,120
3216,39,139
3208,35,108
3218,47,140
3219,49,89
3217,50,104
3203,48,139
3222,39,82
3223,50,117
3224,48,81
3213,55,84
3226,40,118
3227,63,96
3228,36,112
3220,40,95
3221,54,103
3231,64,89
3232,52,125
3233,68,69
3234,41,37
3235,24,125
3236,63,113
3237,52,95
3238,53,80
3239,51,73
3240,52,89
3241,68,114
3242,50,115
3243,52,108
3229,62,105
3230,40,79
3246,48,129
3247,46,77
3248,53,69
3249,48,123
3244,63,85
3245,49,109
3252,38,139
3250,70,85
3251,36,120
3255,43,119
3256,45,99
3257,18,96
3225,38,107
3253,51,125
3260,37,121
3261,80,81
3262,51,122
3263,47,128
3264,51,75
3259,55,76
3254,60,135
3267,65,50
3268,42,93
3269,50,78
3270,48,100
3271,47,99
3272,54,143
3273,68,106
3274,47,65
3275,53,109
3258,61,118
3265,43,66
3278,58,80
3279,47,96
3280,56,130
3281,67,118
3276,43,111
3277,48,95
3284,67,115
3285,45,75
3286,44,104
3287,47,133
3288,56,75
3289,45,77
3290,52,126
3282,54,118
3283,58,94
3293,30,93
3294,64,112
3295,40,89
3266,64,84
3291,45,93
3298,57,75
3296,50,93
3297,45,103
3301,63,131
3302,29,64
3303,44,125
3292,57,102
3305,54,96
3306,47,85
3307,37,71
3299,55,88
3309,54,82
3310,46,85
3311,47,123
3312,62,114
3313,49,130
3314,37,121
3315,64,133
3316,46,98
3317,53,76
3318,65,105
3304,51,101
3308,45,95
3321,59,90
3319,61,123
3320,54,100
3300,38,123
3325,58,101
3326,46,77
3324,50,149
3322,43,71
3329,54,117
3330,72,80
3331,46,122
3332,56,63
3333,47,123
3334,33,57
3335,38,104
3336,59,102
3337,59,116
3338,45,121
3339,41,123
3340,46,164
3341,35,110
3342,45,84
3343,43,99
3344,53,109
3345,28,105
3346,56,141
3347,38,72
3348,41,129
3349,45,102
3350,56,77
3351,67,125
3352,41,105
3323,53,80
3327,24,118
3355,61,111
3356,39,105
3357,38,116
3358,45,70
3353,46,53
3354,52,119
3361,56,112
3362,49,145
3363,51,95
3328,47,63
3365,53,81
3366,45,111
3364,56,35
3368,46,72
3369,60,81
3370,38,125
3359,48,108
3372,70,77
3373,50,78
3374,54,94
3360,44,58
3376,63,119
3377,57,106
3378,61,69
3367,61,142
3371,49,74
3381,43,96
3382,42,129
3383,53,86
3375,42,85
3385,47,79
3386,35,121
3387,59,88
3379,54,146
3389,54,107
3390,42,76
3391,80,80
3392,51,102
3393,34,163
3394,58,86
3395,40,42
3396,48,103
3397,54,117
3398,52,63
3399,68,153
3388,55,108
3380,51,127
3384,46,101
3400,81,129
3404,52,102
3405,55,119
3406,56,148
3407,43,84
3408,38,128
3403,46,92
3401,34,112
3411,53,75
3409,63,117
3413,56,108
3402,47,80
3415,48,85
3416,51,137
3417,44,86
3418,50,120
3410,39,90
3414,44,129
3421,39,70
3422,47,96
3423,52,112
3424,55,111
3419,36,130
3426,42,115
3427,39,44
3428,53,137
3420,52,83
3412,47,81
3431,60,77
3432,47,97
3433,44,120
3425,39,112
3429,46,161
3436,54,85
3437,44,75
3438,76,169
3439,36,105
3434,50,127
3435,43,111
3430,43,140
3443,39,94
3444,48,105
3445,47,84
3446,56,93
3441,52,114
3448,45,69
3449,31,108
3450,63,139
3451,35,134
3452,63,112
3453,48,117
3454,51,85
3455,52,106
3456,62,112
3457,54,105
3458,49,89
3447,17,36
3442,50,107
3461,57,44
3462,54,129
3463,39,66
3464,57,111
3465,58,134
3466,62,63
3467,54,122
3468,67,41
3469,57,106
3470,61,86
3471,51,85
3472,27,116
3440,51,58
3474,60,101
3475,65,96
3476,51,84
3477,54,59
3478,45,87
3479,39,117
3480,33,128
3481,61,98
3473,61,114
3459,41,75
3460,67,102
3485,54,126
3486,50,71
3487,47,123
3488,71,89
3489,40,125
3484,57,106
3482,51,88
3483,68,81
3490,55,108
3494,60,70
3495,41,136
3493,41,96
3491,59,94
3498,30,143
3499,52,108
3500,63,113
3492,49,124
3502,50,73
3503,55,146
3504,67,73
3496,44,89
3506,58,151
3507,45,103
3508,63,121
3497,62,142
3501,57,105
3505,51,97
3512,61,118
3513,44,122
3514,68,177
3515,61,76
3516,62,94
3517,43,128
3518,45,99
3519,40,123
3511,34,86
3521,42,109
3522,60,99
3523,44,106
3509,41,117
3525,49,97
3526,58,51
3527,39,102
3510,42,82
3520,49,93
3530,47,65
3531,47,97
3532,56,114
3533,26,80
3528,52,109
3535,62,127
3536,38,104
3537,56,90
3529,41,107
3524,40,115
3540,51,58
3541,56,113
3542,55,109
3543,45,110
3544,56,105
3539,47,85
3546,44,100
3547,55,128
3548,62,118
3549,55,51
3550,41,56
3545,63,86
3552,33,125
3553,60,68
3554,46,100
3534,42,105
3538,45,90
3557,66,106
3558,43,113
3559,52,114
3560,38,108
3561,42,72
3556,58,94
3551,55,93
3564,58,94
3565,31,92
3566,33,83
3567,46,127
3568,36,117
3569,55,116
3555,67,92
3562,33,53
3572,51,75
3573,39,74
3574,58,58
3575,67,80
3576,46,77
3577,46,131
3578,52,84
3579,36,139
3580,39,115
3581,58,102
3582,55,145
3571,59,85
3563,55,76
3585,54,107
3583,56,131
3587,48,79
3588,68,87
3586,47,116
3584,38,136
3591,35,89
3592,74,107
3593,37,89
3594,60,117
3595,67,81
3596,67,120
3597,44,116
3598,47,116
3599,56,94
3600,47,86
3589,66,89
3590,52,106
3603,30,116
3604,54,78
3605,59,96
3606,56,85
3601,44,94
3608,51,70
3609,49,142
3610,56,134
3602,41,126
3570,56,134
3613,43,102
3614,58,96
3615,47,95
3607,59,125
3611,24,117
3618,56,92
3619,54,97
3620,45,83
3621,57,110
3622,64,114
3623,60,82
3624,50,113
3625,34,88
3617,61,86
3612,51,98
3628,63,103
3629,47,124
3630,45,103
3631,57,114
3632,49,97
3633,55,102
3634,59,92
3626,47,113
3627,46,82
3637,42,112
3638,57,41
3636,66,120
3616,71,136
3635,62,90
3639,41,70
3643,55,114
3644,56,111
3645,61,102
3646,62,52
3647,70,95
3648,60,111
3649,64,94
3650,43,79
3651,58,137
3652,42,95
3653,54,119
3654,51,109
3655,49,118
3656,48,102
3642,36,123
3640,52,61
3641,52,141
3660,44,123
3661,58,92
3662,50,82
3663,47,82
3664,47,91
3665,61,75
3666,42,110
3658,58,93
3668,45,58
3669,59,79
3670,61,86
3671,50,76
3657,52,66
3667,62,104
3674,53,121
3675,38,69
3676,52,91
3659,36,102
3672,36,100
3679,50,157
3680,66,85
3678,54,74
3682,54,120
3683,64,138
3684,50,81
3685,42,81
3686,60,118
3687,55,90
3673,44,121
3689,60,122
3690,59,128
3691,38,21
3677,30,138
3681,57,125
3694,48,140
3695,45,77
3696,48,121
3688,55,91
3698,52,90
3699,33,70
3700,59,86
3692,36,139
3693,45,113
3697,39,101
3704,63,61
3705,20,83
3706,44,60
3707,48,111
3708,40,119
3703,44,94
3710,51,44
3711,67,103
3712,50,99
3701,59,78
3702,36,117
3709,52,85
3713,43,99
3714,29,107
3718,73,83
3719,18,108
3720,48,117
3721,48,103
3716,54,133
3717,61,149
3724,37,85
3725,57,141
3726,58,112
3727,47,111
3722,59,121
3729,51,102
3730,41,103
3731,54,88
3723,49,62
3733,43,111
3734,43,119
3732,51,136
3715,39,97
3737,57,96
3738,48,95
3739,50,115
3728,47,94
3735,60,110
3742,57,108
3743,42,129
3744,47,95
3745,39,95
3746,67,81
3747,37,91
3748,30,87
3749,65,115
3750,29,62
3751,62,159
3740,51,95
3741,50,89
3754,56,62
3755,49,102
3756,47,78
3736,46,99
3752,48,165
3759,68,95
3760,48,31
3761,26,98
3762,51,69
3757,42,107
3758,32,101
3765,58,117
3766,61,74
3767,69,58
3753,67,65
3763,39,87
3770,53,99
3771,32,104
3772,58,124
3773,48,76
3774,32,130
3775,55,119
3776,60,125
3777,35,91
3778,44,76
3779,43,95
3780,64,114
3781,40,65
3782,45,98
3783,25,83
3784,49,33
3785,49,85
3786,32,92
3787,65,103
3788,72,92
3789,57,140
3790,44,84
3764,66,94
3768,44,86
3793,44,104
3794,62,99
3795,55,139
3796,49,99
3797,51,85
3792,59,124
3769,56,148
3800,35,76
3801,30,95
3802,40,138
3803,48,100
3804,79,99
3805,46,88
3791,37,112
3798,35,85
3808,72,102
3809,63,121
3810,43,96
3799,49,86
3806,57,98
3813,53,79
3814,53,108
3812,42,67
3807,48,96
3817,63,93
3818,52,79
3819,46,106
3811,43,162
3815,32,116
3822,45,143
3823,53,77
3824,59,132
3825,49,48
3826,38,117
3827,48,128
3828,50,110
3820,54,89
3821,45,56
3831,43,99
3832,71,106
3833,66,121
3816,57,75
3835,49,92
3836,45,121
3834,41,68
3829,33,91
3839,56,85
3840,41,128
3838,59,143
3842,48,99
3837,46,117
3844,67,125
3845,29,144
3846,64,139
3847,44,95
3848,72,116
3849,51,100
3850,62,103
3851,62,96
3852,83,91
3853,48,89
3830,40,79
3843,54,91
3841,51,65
3857,56,102
3858,37,137
3856,65,57
3854,45,82
3861,63,99
3862,67,104
3863,44,119
3864,61,105
3865,35,26
3866,68,106
3867,57,117
3868,44,101
3860,55,105
3855,62,96
3871,37,101
3872,67,84
3873,44,90
3874,48,93
3875,60,126
3876,48,79
3877,43,106
3878,54,99
3879,47,127
3880,41,111
3881,54,102
3882,42,76
3883,60,93
3884,47,87
3885,58,136
3886,45,92
3887,38,99
3888,39,51
3889,61,95
3890,60,91
3870,49,64
3859,46,41
3869,55,136
3891,54,85
3892,52,59
3893,52,76
3894,53,91
3895,51,69
3899,52,89
3900,63,106
3898,39,141
3902,39,68
3903,38,118
3904,44,106
3905,43,107
3906,59,126
3901,69,121
3896,65,115
3897,56,121
3907,52,101
3911,50,109
3912,42,96
3910,56,101
3908,42,29
3915,33,102
3916,50,66
3917,56,47
3918,51,92
3913,58,94
3920,40,144
3921,39,147
3919,51,102
3914,46,53
3924,65,134
3925,61,73
3926,32,123
3927,61,125
3922,55,97
3929,43,88
3930,52,145
3931,48,88
3923,51,86
3909,50,111
3934,52,114
3935,60,72
3936,52,98
3937,61,104
3938,46,127
3933,60,104
3928,69,84
3941,34,36
3942,52,77
3943,48,82
3944,55,61
3945,64,90
3946,53,101
3947,57,120
3948,51,113
3949,58,73
3950,57,81
3951,50,54
3952,47,147
3953,49,52
3954,59,119
3955,54,125
3956,37,120
3957,49,114
3958,61,68
3959,34,72
3960,51,86
3961,51,119
3932,54,98
3939,68,123
3964,53,82
3965,52,127
3966,57,118
3967,43,136
3962,48,75
3963,52,118
3940,46,116
3968,34,155
3972,44,85
3973,53,124
3974,49,121
3975,60,120
3976,49,103
3971,49,116
3969,43,90
3979,63,100
3980,36,96
3981,49,95
3970,44,131
3977,38,95
3984,44,50
3985,38,153
3986,41,126
3987,41,88
3988,64,38
3983,51,102
3990,53,127
3991,40,91
3992,45,93
3993,26,107
3994,69,91
3995,58,110
3996,48,86
3997,49,103
3998,51,107
3999,42,90
4000,46,116
4001,55,104
4002,53,126
4003,62,98
4004,53,54
4005,70,96
3982,51,79
4007,69,91
4008,54,51
4009,53,85
3989,37,103
3978,45,67
4012,44,139
4013,38,92
4014,48,99
4015,55,121
4016,32,107
4017,48,131
4006,46,111
4019,53,89
4020,58,48
4021,45,84
4022,58,56
4023,42,98
4024,56,119
4025,28,80
4011,53,110
4018,46,109
4028,64,86
4029,43,51
4030,39,132
4031,57,114
4032,60,107
4033,56,107
4034,49,93
4027,49,95
4035,46,101
4037,63,109
4010,42,102
4036,51,117
4038,55,101
4026,54,151
4039,45,118
4043,56,115
4044,46,84
4045,26,85
4046,37,107
4047,74,94
4048,66,101
4049,51,83
4050,45,134
4042,53,107
4052,69,101
4053,54,99
4054,42,111
4055,65,126
4041,54,97
4057,63,97
4058,34,63
4059,35,80
4060,57,28
4051,51,96
4056,48,101
4063,52,107
4064,37,127
4065,60,108
4066,47,82
4067,74,112
4068,45,123
4069,61,73
4070,38,117
4071,46,105
4072,44,129
4073,59,108
4074,40,96
4075,41,79
4076,47,110
4077,33,138
4078,54,57
4079,31,54
4080,37,57
4081,47,106
4082,58,84
4083,57,72
4084,45,79
4085,42,90
4086,47,115
4087,59,108
4088,49,104
4089,62,105
4090,35,131
4091,53,120
4092,52,111
4040,55,147
4093,47,53
4095,58,121
4096,75,104
4062,57,94
4094,62,110
4097,58,113
4100,29,80
4101,53,51
4102,54,46
4103,47,87
4104,38,85
4061,44,130
4105,45,127
4107,50,139
4108,54,73
4098,36,74
4099,34,156
4111,54,81
4109,53,116
4110,38,134
4112,58,90
4115,71,90
4116,35,98
4117,64,74
4118,64,117
4106,40,93
4114,49,95
4121,37,108
4113,42,75
4123,57,139
4120,48,124
4119,53,163
4126,65,50
4124,41,83
4128,49,100
4125,34,115
4122,52,103
4131,55,119
4132,58,138
4133,50,112
4134,66,100
4135,39,113
4136,48,90
4137,44,95
4138,48,122
4139,65,95
4140,49,123
4127,35,111
4130,47,116
4143,40,109
4144,54,82
4145,41,71
4146,45,53
4147,38,107
4148,46,129
4149,67,119
4150,49,130
4151,51,127
4152,56,119
4153,51,96
4154,43,86
4155,45,122
4156,51,139
4157,45,107
4158,58,117
4142,47,81
4141,53,140
4129,42,90
4162,54,120
4159,45,114
4161,53,115
4165,47,103
4163,61,87
4167,56,54
4168,39,107
4169,42,97
4164,50,126
4171,58,76
4172,41,146
4173,57,94
4160,40,67
4175,55,85
4176,68,47
4177,43,70
4178,48,96
4179,50,73
4180,36,68
4170,55,125
4166,31,101
4181,56,120
4184,67,142
4174,35,63
4183,43,114
4187,59,70
4182,50,108
4186,76,113
4185,43,90
4188,38,90
4192,70,113
4193,51,93
4194,54,102
4195,43,114
4196,59,126
4197,49,149
4198,37,98
4189,55,72
4191,57,92
4201,65,96
4190,44,90
4203,32,96
4204,50,116
4205,46,149
4202,55,116
4199,45,73
4208,47,67
4209,36,84
4210,41,88
4207,65,104
4200,59,109
4213,48,113
4214,44,105
4215,61,83
4212,37,79
4217,60,87
4218,67,114
4219,31,103
4206,52,96
4216,54,97
4222,57,151
4223,51,107
4221,71,132
4225,74,54
4226,57,96
4224,38,49
4228,36,97
4229,65,99
4227,46,88
4211,42,93
4232,52,96
4233,41,88
4234,50,91
4220,32,131
4230,38,106
4237,45,82
4238,56,119
4239,46,40
4240,57,87
4241,62,72
4242,47,75
4243,55,83
4244,59,87
4245,42,100
4231,55,86
4247,41,133
4248,48,86
4249,50,81
4250,55,95
4251,29,94
4252,38,123
4253,54,116
4254,41,81
4255,59,142
4256,33,103
4236,30,126
4258,62,92
4259,37,137
4260,53,110
4261,54,65
4235,56,105
4257,59,77
4264,60,81
4262,61,121
4266,53,104
4267,55,113
4268,31,86
4269,46,87
4270,51,136
4271,48,65
4272,54,83
4273,66,87
4274,46,70
4275,39,137
4246,47,103
4277,57,77
4278,54,75
4279,31,101
4280,65,113
4281,45,119
4282,58,116
4283,41,105
4284,55,118
4285,48,108
4286,60,127
4287,65,92
4288,56,101
4289,44,108
4290,53,69
4291,59,106
4292,55,29
4293,48,58
4294,46,114
4295,61,98
4296,53,107
4297,55,113
4298,49,138
4263,39,154
4276,56,130
4301,47,124
4302,35,157
4303,49,102
4304,43,119
4299,58,76
4300,44,115
4307,45,76
4308,37,117
4309,64,157
4265,56,135
4305,46,48
4312,60,54
4310,79,102
4311,39,86
4306,44,90
4316,47,107
4317,54,113
4318,53,49
4319,42,114
4320,58,86
4321,68,102
4322,32,77
4323,52,133
4324,66,98
4325,76,68
4326,42,78
4327,41,125
4313,64,38
4329,47,81
4330,50,87
4331,26,97
4314,57,94
4315,46,83
4334,53,104
4335,53,96
4336,64,140
4328,46,71
4338,59,130
4339,55,115
4337,33,103
4341,37,72
4342,59,83
4343,59,137
4344,46,110
4333,48,137
4346,55,97
4347,48,98
4348,68,110
4340,41,102
4332,52,124
4345,42,58
4352,44,106
4353,40,81
4351,45,120
4355,54,154
4350,31,131
4354,60,87
4358,35,106
4359,43,93
4360,32,89
4349,55,103
4356,60,111
4363,41,111
4361,42,103
4362,48,105
4366,55,121
4367,54,89
4368,48,104
4357,55,139
4370,58,106
4371,65,91
4372,37,96
4373,59,83
4374,43,120
4375,59,83
4376,55,97
4377,54,104
4378,50,131
4379,50,112
4380,56,116
4369,48,91
4364,46,65
4383,42,95
4384,44,92
4385,35,69
4386,50,115
4387,48,68
4382,29,57
4365,38,99
4381,39,87
4388,44,105
4392,27,96
4393,50,106
4394,54,124
4395,58,89
4396,62,114
4391,63,83
4398,50,123
4399,61,95
4397,40,88
4389,39,126
4390,60,113
4403,43,109
4404,38,124
4405,46,104
4406,66,116
4407,65,104
4402,49,116
4400,57,99
4401,52,95
4411,58,104
4412,66,36
4413,52,115
4408,52,77
4409,53,126
4416,52,102
4417,59,114
4415,36,92
4410,37,80
4414,51,87
4418,50,52
4422,68,125
4423,65,106
4424,47,144
4425,60,97
4426,50,85
4421,50,164
4419,39,111
4420,51,89
4430,52,119
4428,54,95
4429,41,103
4427,59,107
4434,51,112
4435,61,107
4436,50,89
4431,36,122
4438,43,114
4439,45,116
4437,40,139
4432,49,103
4442,45,87
4443,48,113
4444,62,58
4445,59,106
4446,43,82
4447,40,69
4448,49,127
4449,61,92
4441,52,95
4433,39,82
4452,50,83
4453,48,119
4454,39,157
4440,46,126
4450,62,115
4457,46,73
4458,55,46
4459,55,93
4460,37,94
4455,53,120
4456,45,86
4463,29,127
4464,59,114
4465,61,87
4451,54,100
4467,51,64
4468,50,130
4469,51,118
4470,47,91
4471,41,104
4466,56,80
4473,62,138
4474,40,96
4475,47,85
4461,41,102
4462,51,104
4478,55,87
4476,35,91
4477,37,107
4481,37,72
4482,36,91
4483,46,61
4484,37,145
4485,55,167
4486,79,105
4472,51,70
4488,35,94
4489,42,47
4490,39,106
4479,32,114
4492,61,86
4493,51,106
4494,62,60
4495,27,59
4496,63,89
4491,59,88
4480,47,103
4499,55,39
4500,67,136
4501,39,95
4502,56,64
4503,42,97
4504,35,105
4487,51,85
4506,53,111
4507,33,131
4508,45,85
4509,45,63
4510,49,74
4505,37,101
4497,60,130
4498,40,65
4511,36,58
4512,67,130
4516,55,167
4517,49,140
4518,52,63
4519,31,117
4520,73,98
4521,70,111
4522,48,80
4523,59,36
4524,33,113
4525,38,126
4514,57,122
4527,43,149
4528,47,58
4529,56,98
4515,22,85
4531,51,103
4532,52,123
4530,29,88
4534,55,84
4535,56,113
4536,59,111
4537,31,121
4538,41,107
4533,52,96
4513,41,92
4541,31,79
4542,58,120
4543,62,140
4526,51,81
4539,53,111
4546,50,110
4547,55,54
4548,50,133
4540,53,132
4544,51,92
4551,52,67
4552,54,78
4550,47,58
4554,44,121
4555,54,123
4556,55,99
4545,62,93
4549,51,82
4559,36,71
4560,50,78
4561,63,110
4562,51,100
4563,40,108
4564,69,98
4565,42,146
4557,40,115
4567,60,86
4568,58,111
4569,46,141
4570,63,89
4571,46,120
4572,46,94
4573,56,119
4574,42,107
4575,64,79
4576,42,99
4577,48,114
4566,52,130
4579,40,75
4553,53,74
4581,34,114
4582,51,75
4583,58,138
4584,49,86
4558,55,135
4580,58,78
4587,56,129
4588,53,99
4589,63,139
4590,33,166
4591,46,76
4592,65,127
4593,52,145
4585,52,110
4586,46,96
4596,57,101
4597,45,105
4598,53,89
4578,33,82
4594,56,98
4601,59,131
4602,55,99
4603,65,94
4595,39,85
4599,39,121
4606,35,107
4607,34,168
4608,68,89
4609,65,115
4610,31,25
4611,44,106
4612,57,117
4613,74,94
4614,71,138
4600,45,128
4604,60,98
4617,32,58
4618,39,86
4619,83,102
4620,57,127
4621,44,84
4622,51,77
4623,60,86
4615,31,105
4625,60,86
4626,23,86
4627,49,124
4616,51,159
4629,49,106
4630,45,114
4631,57,112
4605,52,123
4624,57,102
4634,18,89
4635,43,91
4636,41,114
4628,64,73
4638,36,109
4639,66,118
4637,37,144
4632,50,100
4633,33,102
4640,55,97
4641,38,126
4642,57,95
4643,50,115
4647,44,62
4648,69,119
4649,60,61
4650,44,94
4645,38,93
4646,43,112
4653,44,122
4654,52,75
4655,49,96
4644,40,91
4651,54,115
4652,42,82
4659,46,109
4660,69,115
4661,47,128
4662,58,103
4663,51,136
4658,40,84
4656,52,171
4666,63,108
4667,66,97
4668,53,81
4669,70,80
4670,37,140
4671,74,83
4657,44,97
4664,62,70
4674,58,55
4672,43,68
4673,56,111
4665,37,105
4675,74,104
4676,30,118
4677,47,89
4681,54,140
4679,49,41
4680,59,57
4684,69,80
4685,57,110
4686,66,86
4678,44,62
4682,52,143
4689,42,82
4690,65,116
4688,52,90
4683,52,81
4693,38,80
4694,34,120
4695,40,93
4696,51,106
4697,35,81
4698,65,72
4699,49,101
4700,60,72
4701,47,98
4702,69,52
4691,43,106
4692,47,83
4687,46,90
4706,55,90
4707,37,74
4705,51,111
4709,56,64
4710,47,60
4711,73,43
4703,39,43
4704,54,139
4708,41,115
4712,60,104
4713,57,133
4714,49,118
4715,53,93
4716,73,74
4717,58,158
4721,54,138
4722,45,78
4723,53,69
4724,58,93
4719,43,136
4726,50,132
4727,38,108
4728,47,93
4729,60,124
4718,46,95
4725,39,79
4732,41,117
4733,43,106
4734,61,109
4720,56,62
4730,45,115
4737,42,124
4738,34,117
4739,29,105
4740,48,73
4741,50,154
4742,63,132
4731,51,146
4735,46,63
4745,49,51
4746,43,99
4747,31,87
4748,43,124
4749,47,81
4750,61,97
4736,42,102
4743,61,74
4753,42,116
4754,55,107
4755,53,95
4756,57,86
4751,52,125
4752,55,74
4759,45,128
4760,55,107
4761,56,104
4744,38,94
4757,28,82
4758,58,73
4765,45,121
4766,48,61
4767,42,109
4762,53,73
4769,47,101
4764,54,81
4768,54,96
4772,46,112
4770,57,152
4771,40,67
4775,48,149
4773,51,141
4774,52,87
4778,63,103
4779,48,77
4780,60,57
4763,59,89
4776,57,94
4783,59,72
4784,46,117
4785,52,87
4777,52,105
4781,63,106
4788,52,106
4789,66,72
4790,45,108
4791,45,111
4792,64,85
4787,55,73
4794,48,99
4795,63,139
4796,66,89
4797,56,101
4786,42,121
4799,33,72
4800,46,98
4798,51,67
4802,42,60
4803,40,94
4801,50,113
4793,45,62
4806,48,72
4807,45,83
4808,63,91
4809,41,62
4810,36,91
4811,47,110
4782,62,97
4804,51,96
4814,66,89
4812,57,92
4813,51,82
4817,53,136
4818,58,100
4819,46,62
4805,35,79
4821,61,158
4822,49,142
4820,75,129
4815,42,92
4825,57,112
4826,46,105
4827,42,50
4828,53,71
4829,43,89
4824,41,104
4816,42,104
4832,54,82
4830,62,95
4831,48,106
4835,60,124
4833,56,43
4834,65,91
4838,72,93
4839,42,99
4840,56,116
4841,54,121
4842,70,126
4843,38,121
4823,53,143
4836,72,128
4846,52,127
4844,45,103
4845,54,110
4849,26,121
4847,52,125
4848,47,79
4852,60,94
4853,67,96
4854,54,119
4855,59,66
4856,39,122
4857,56,138
4858,54,124
4850,52,126
4860,49,130
4861,57,104
4862,57,77
4863,42,64
4864,47,70
4865,31,139
4866,55,72
4867,45,119
4859,44,91
4869,50,96
4870,41,115
4871,32,78
4872,39,124
4873,46,88
4868,55,81
4851,73,101
4876,62,109
4877,42,69
4878,47,50
4879,46,119
4880,49,77
4881,57,97
4837,41,98
4874,31,90
4875,53,109
4885,49,97
4886,49,91
4887,48,120
4888,58,117
4889,28,108
4890,51,77
4891,47,120
4883,42,107
4884,40,96
4882,49,104
4895,39,149
4896,54,93
4894,66,95
4892,56,100
4899,36,120
4900,57,138
4901,50,119
4902,40,139
4903,44,96
4898,50,128
4893,61,67
4906,55,121
4907,44,98
4905,56,89
4897,44,118
4910,60,158
4911,30,67
4912,49,128
4913,50,77
4914,51,86
4915,63,69
4904,44,80
4917,36,91
4918,81,94
4916,54,139
4920,34,107
4921,54,132
4922,51,73
4908,52,131
4909,38,133
4925,59,104
4926,63,91
4927,47,86
4919,61,83
4923,54,72
4924,52,123
4931,49,119
4932,73,62
4930,61,104
4928,47,72
4935,45,86
4936,61,98
4937,61,81
4938,53,46
4939,52,111
4940,48,87
4941,35,101
4933,51,50
4934,61,118
4929,48,139
4945,48,127
4946,43,151
4947,62,110
4942,36,108
4943,43,48
4950,47,127
4951,62,97
4952,67,99
4944,46,80
4948,56,126
4949,42,98
4956,14,115
4957,41,83
4958,40,134
4953,60,82
4954,65,63
4961,43,129
4962,52,95
4963,40,98
4955,32,75
4965,34,141
4966,54,36
4967,41,105
4959,46,132
4960,38,109
4970,46,149
4971,41,114
4972,60,110
4964,40,93
4974,48,116
4975,43,58
4976,60,64
4968,47,155
4978,61,91
4979,48,87
4977,56,79
4969,44,92
4982,45,86
4983,53,81
4984,70,79
4973,51,111
4980,57,104
4981,46,57
4988,50,102
4986,61,111
4990,58,78
4991,60,126
4992,46,106
4993,37,80
4985,28,135
4989,41,82
4996,49,73
4994,64,105
4995,36,87
4999,55,95
4997,55,93
4998,66,116
4987,34,109
